config_id,field,n,accuracy,accuracy_jaccard,mean_jaccard,n_gold_populated,n_pred_populated,hallucination_rate,miss_rate,wrong_value_rate,acc_populated,acc_null
qwen4b-detailed-t0,address,12,0.08333333333333333,0.16666666666666666,0.4689407814407815,12,12,0.0,0.0,0.9166666666666666,0.08333333333333333,
qwen4b-detailed-t08,address,10,0.0,0.0,0.08296703296703298,10,6,0.0,0.4,0.6,0.0,
qwen4b-terse-t0,address,11,0.0,0.0,0.0303030303030303,11,7,0.0,0.36363636363636365,0.6363636363636364,0.0,
qwen4b-detailed-t0,company,12,0.6666666666666666,0.6666666666666666,0.6666666666666666,12,11,0.0,0.08333333333333333,0.25,0.6666666666666666,
qwen4b-detailed-t08,company,10,0.2,0.2,0.2,10,5,0.0,0.5,0.3,0.2,
qwen4b-terse-t0,company,11,0.09090909090909091,0.09090909090909091,0.09090909090909091,11,8,0.0,0.2727272727272727,0.6363636363636364,0.09090909090909091,
qwen4b-detailed-t0,date,12,0.75,0.75,0.75,12,11,0.0,0.08333333333333333,0.16666666666666666,0.75,
qwen4b-detailed-t08,date,10,0.2,0.2,0.2,10,4,0.0,0.6,0.2,0.2,
qwen4b-terse-t0,date,11,0.18181818181818182,0.18181818181818182,0.18181818181818182,11,2,0.0,0.8181818181818182,0.0,0.18181818181818182,
qwen4b-detailed-t0,total,12,0.75,0.75,0.75,12,12,0.0,0.0,0.25,0.75,
qwen4b-detailed-t08,total,10,0.2,0.2,0.2,10,5,0.0,0.5,0.3,0.2,
qwen4b-terse-t0,total,11,0.18181818181818182,0.18181818181818182,0.18181818181818182,11,2,0.0,0.8181818181818182,0.0,0.18181818181818182,
