doc_id,field,field_type,config_a,config_b,label_a,label_b,value_a,value_b,exact_agree,jaccard,both_null,one_null
sroie/test/X00016469670,address,address,gemma4-e4b-detailed-image,qwen27b-detailed-image,no 2 4 jln bayu bdr seri 81750 johor,no 2 and 4 jln bayu 4 bdr seri alam 81750 masai johor,"NO 2 4, JALAN BAYU, BANDAR SERI, 81750 JOHOR","NO 2 & 4, JALAN BAYU 4, BANDAR SERI ALAM, 81750 MASAI, JOHOR",False,0.75,False,False
sroie/test/X00016469670,address,address,gemma4-e4b-detailed-image,qwen4b-detailed-both,no 2 4 jln bayu bdr seri 81750 johor,no 2 and 4 bdr seri alam 81750 masai johor,"NO 2 4, JALAN BAYU, BANDAR SERI, 81750 JOHOR","NO 2 & 4, BANDAR SERI ALAM, 81750 MASAI, JOHOR",False,0.5833333333333334,False,False
sroie/test/X00016469670,address,address,gemma4-e4b-detailed-image,qwen4b-detailed-image,no 2 4 jln bayu bdr seri 81750 johor,no 2 and 4 jln bayu 4 bdr seri alam 81750 masai johor,"NO 2 4, JALAN BAYU, BANDAR SERI, 81750 JOHOR","NO 2 & 4, JALAN BAYU 4, BANDAR SERI ALAM, 81750 MASAI, JOHOR",False,0.75,False,False
sroie/test/X00016469670,address,address,qwen27b-detailed-image,qwen4b-detailed-both,no 2 and 4 jln bayu 4 bdr seri alam 81750 masai johor,no 2 and 4 bdr seri alam 81750 masai johor,"NO 2 & 4, JALAN BAYU 4, BANDAR SERI ALAM, 81750 MASAI, JOHOR","NO 2 & 4, BANDAR SERI ALAM, 81750 MASAI, JOHOR",False,0.8333333333333334,False,False
sroie/test/X00016469670,address,address,qwen27b-detailed-image,qwen4b-detailed-image,no 2 and 4 jln bayu 4 bdr seri alam 81750 masai johor,no 2 and 4 jln bayu 4 bdr seri alam 81750 masai johor,"NO 2 & 4, JALAN BAYU 4, BANDAR SERI ALAM, 81750 MASAI, JOHOR","NO 2 & 4, JALAN BAYU 4, BANDAR SERI ALAM, 81750 MASAI, JOHOR",True,1.0,False,False
sroie/test/X00016469670,address,address,qwen4b-detailed-both,qwen4b-detailed-image,no 2 and 4 bdr seri alam 81750 masai johor,no 2 and 4 jln bayu 4 bdr seri alam 81750 masai johor,"NO 2 & 4, BANDAR SERI ALAM, 81750 MASAI, JOHOR","NO 2 & 4, JALAN BAYU 4, BANDAR SERI ALAM, 81750 MASAI, JOHOR",False,0.8333333333333334,False,False
sroie/test/X00016469670,company,org,gemma4-e4b-detailed-image,qwen27b-detailed-image,ojc marketing,ojc marketing,OJC MARKETING SDN BHD,OJC MARKETING SDN BHD,True,1.0,False,False
sroie/test/X00016469670,company,org,gemma4-e4b-detailed-image,qwen4b-detailed-both,ojc marketing,ojc marketing,OJC MARKETING SDN BHD,OJC MARKETING SDN BHD,True,1.0,False,False
sroie/test/X00016469670,company,org,gemma4-e4b-detailed-image,qwen4b-detailed-image,ojc marketing,ojc marketing,OJC MARKETING SDN BHD,OJC MARKETING SDN BHD,True,1.0,False,False
sroie/test/X00016469670,company,org,qwen27b-detailed-image,qwen4b-detailed-both,ojc marketing,ojc marketing,OJC MARKETING SDN BHD,OJC MARKETING SDN BHD,True,1.0,False,False
sroie/test/X00016469670,company,org,qwen27b-detailed-image,qwen4b-detailed-image,ojc marketing,ojc marketing,OJC MARKETING SDN BHD,OJC MARKETING SDN BHD,True,1.0,False,False
sroie/test/X00016469670,company,org,qwen4b-detailed-both,qwen4b-detailed-image,ojc marketing,ojc marketing,OJC MARKETING SDN BHD,OJC MARKETING SDN BHD,True,1.0,False,False
sroie/test/X00016469670,date,date,gemma4-e4b-detailed-image,qwen27b-detailed-image,2019-01-15,2019-01-15,15/01/2019,15/01/2019,True,1.0,False,False
sroie/test/X00016469670,date,date,gemma4-e4b-detailed-image,qwen4b-detailed-both,2019-01-15,2019-01-15,15/01/2019,15/01/2019 11:05:16 AM,True,1.0,False,False
sroie/test/X00016469670,date,date,gemma4-e4b-detailed-image,qwen4b-detailed-image,2019-01-15,2019-01-15,15/01/2019,15/01/2019 11:05:16 AM,True,1.0,False,False
sroie/test/X00016469670,date,date,qwen27b-detailed-image,qwen4b-detailed-both,2019-01-15,2019-01-15,15/01/2019,15/01/2019 11:05:16 AM,True,1.0,False,False
sroie/test/X00016469670,date,date,qwen27b-detailed-image,qwen4b-detailed-image,2019-01-15,2019-01-15,15/01/2019,15/01/2019 11:05:16 AM,True,1.0,False,False
sroie/test/X00016469670,date,date,qwen4b-detailed-both,qwen4b-detailed-image,2019-01-15,2019-01-15,15/01/2019 11:05:16 AM,15/01/2019 11:05:16 AM,True,1.0,False,False
sroie/test/X00016469670,total,money,gemma4-e4b-detailed-image,qwen27b-detailed-image,193.00,193.00,193.00,193.00,True,1.0,False,False
sroie/test/X00016469670,total,money,gemma4-e4b-detailed-image,qwen4b-detailed-both,193.00,193.00,193.00,193.00,True,1.0,False,False
sroie/test/X00016469670,total,money,gemma4-e4b-detailed-image,qwen4b-detailed-image,193.00,193.00,193.00,193.00,True,1.0,False,False
sroie/test/X00016469670,total,money,qwen27b-detailed-image,qwen4b-detailed-both,193.00,193.00,193.00,193.00,True,1.0,False,False
sroie/test/X00016469670,total,money,qwen27b-detailed-image,qwen4b-detailed-image,193.00,193.00,193.00,193.00,True,1.0,False,False
sroie/test/X00016469670,total,money,qwen4b-detailed-both,qwen4b-detailed-image,193.00,193.00,193.00,193.00,True,1.0,False,False
sroie/test/X00016469671,address,address,gemma4-e4b-detailed-image,qwen27b-detailed-image,no 2 and 4 jln banyu 81750 masai johor,no 2 and 4 jln bayu 4 bdr seri alam 81750 masai johor,"NO 2 & 4, JALAN BANYU, 81750 MASAI, JOHOR","NO 2 & 4, JALAN BAYU 4, BANDAR SERI ALAM, 81750 MASAI, JOHOR",False,0.6153846153846154,False,False
sroie/test/X00016469671,address,address,gemma4-e4b-detailed-image,qwen4b-detailed-both,no 2 and 4 jln banyu 81750 masai johor,no 2 and 4 jln bayu 4 bdr seri alam 81750 masai johor,"NO 2 & 4, JALAN BANYU, 81750 MASAI, JOHOR","NO 2 & 4, JALAN BAYU 4, BANDAR SERI ALAM, 81750 MASAI, JOHOR",False,0.6153846153846154,False,False
sroie/test/X00016469671,address,address,gemma4-e4b-detailed-image,qwen4b-detailed-image,no 2 and 4 jln banyu 81750 masai johor,no 2 and 4 jln bayu 4 bdr seri alam 81750 masai johor,"NO 2 & 4, JALAN BANYU, 81750 MASAI, JOHOR","NO 2 & 4, JALAN BAYU 4, BANDAR SERI ALAM, 81750 MASAI, JOHOR",False,0.6153846153846154,False,False
sroie/test/X00016469671,address,address,qwen27b-detailed-image,qwen4b-detailed-both,no 2 and 4 jln bayu 4 bdr seri alam 81750 masai johor,no 2 and 4 jln bayu 4 bdr seri alam 81750 masai johor,"NO 2 & 4, JALAN BAYU 4, BANDAR SERI ALAM, 81750 MASAI, JOHOR","NO 2 & 4, JALAN BAYU 4, BANDAR SERI ALAM, 81750 MASAI, JOHOR",True,1.0,False,False
sroie/test/X00016469671,address,address,qwen27b-detailed-image,qwen4b-detailed-image,no 2 and 4 jln bayu 4 bdr seri alam 81750 masai johor,no 2 and 4 jln bayu 4 bdr seri alam 81750 masai johor,"NO 2 & 4, JALAN BAYU 4, BANDAR SERI ALAM, 81750 MASAI, JOHOR","NO 2 & 4, JALAN BAYU 4, BANDAR SERI ALAM, 81750 MASAI, JOHOR",True,1.0,False,False
sroie/test/X00016469671,address,address,qwen4b-detailed-both,qwen4b-detailed-image,no 2 and 4 jln bayu 4 bdr seri alam 81750 masai johor,no 2 and 4 jln bayu 4 bdr seri alam 81750 masai johor,"NO 2 & 4, JALAN BAYU 4, BANDAR SERI ALAM, 81750 MASAI, JOHOR","NO 2 & 4, JALAN BAYU 4, BANDAR SERI ALAM, 81750 MASAI, JOHOR",True,1.0,False,False
sroie/test/X00016469671,company,org,gemma4-e4b-detailed-image,qwen27b-detailed-image,tan chay yee,ojc marketing,tan chay yee,OJC MARKETING SDN BHD,False,0.0,False,False
sroie/test/X00016469671,company,org,gemma4-e4b-detailed-image,qwen4b-detailed-both,tan chay yee,tan chay yee,tan chay yee,tan chay yee,True,1.0,False,False
sroie/test/X00016469671,company,org,gemma4-e4b-detailed-image,qwen4b-detailed-image,tan chay yee,ojc marketing,tan chay yee,OJC MARKETING SDN BHD,False,0.0,False,False
sroie/test/X00016469671,company,org,qwen27b-detailed-image,qwen4b-detailed-both,ojc marketing,tan chay yee,OJC MARKETING SDN BHD,tan chay yee,False,0.0,False,False
sroie/test/X00016469671,company,org,qwen27b-detailed-image,qwen4b-detailed-image,ojc marketing,ojc marketing,OJC MARKETING SDN BHD,OJC MARKETING SDN BHD,True,1.0,False,False
sroie/test/X00016469671,company,org,qwen4b-detailed-both,qwen4b-detailed-image,tan chay yee,ojc marketing,tan chay yee,OJC MARKETING SDN BHD,False,0.0,False,False
sroie/test/X00016469671,date,date,gemma4-e4b-detailed-image,qwen27b-detailed-image,2019-01-02,2019-01-02,02/01/2019,02/01/2019,True,1.0,False,False
sroie/test/X00016469671,date,date,gemma4-e4b-detailed-image,qwen4b-detailed-both,2019-01-02,2019-01-02,02/01/2019,02/01/2019 2:47:14 PM,True,1.0,False,False
sroie/test/X00016469671,date,date,gemma4-e4b-detailed-image,qwen4b-detailed-image,2019-01-02,2019-01-02,02/01/2019,02/01/2019,True,1.0,False,False
sroie/test/X00016469671,date,date,qwen27b-detailed-image,qwen4b-detailed-both,2019-01-02,2019-01-02,02/01/2019,02/01/2019 2:47:14 PM,True,1.0,False,False
sroie/test/X00016469671,date,date,qwen27b-detailed-image,qwen4b-detailed-image,2019-01-02,2019-01-02,02/01/2019,02/01/2019,True,1.0,False,False
sroie/test/X00016469671,date,date,qwen4b-detailed-both,qwen4b-detailed-image,2019-01-02,2019-01-02,02/01/2019 2:47:14 PM,02/01/2019,True,1.0,False,False
sroie/test/X00016469671,total,money,gemma4-e4b-detailed-image,qwen27b-detailed-image,170.00,170.00,170.00,170.00,True,1.0,False,False
sroie/test/X00016469671,total,money,gemma4-e4b-detailed-image,qwen4b-detailed-both,170.00,170.00,170.00,170.00,True,1.0,False,False
sroie/test/X00016469671,total,money,gemma4-e4b-detailed-image,qwen4b-detailed-image,170.00,170.00,170.00,170.00,True,1.0,False,False
sroie/test/X00016469671,total,money,qwen27b-detailed-image,qwen4b-detailed-both,170.00,170.00,170.00,170.00,True,1.0,False,False
sroie/test/X00016469671,total,money,qwen27b-detailed-image,qwen4b-detailed-image,170.00,170.00,170.00,170.00,True,1.0,False,False
sroie/test/X00016469671,total,money,qwen4b-detailed-both,qwen4b-detailed-image,170.00,170.00,170.00,170.00,True,1.0,False,False
sroie/test/X51005200931,address,address,gemma4-e4b-detailed-image,qwen27b-detailed-image,no 39 jln perma 51700 johor bahru,no 59 jln permas 9 5 bdr baru permas jaya 81750 johor bahru,"NO. 39, JALAN PERMA, 51700 JOHOR BAHRU",NO.59 JALAN PERMAS 9/5 BANDAR BARU PERMAS JAYA 81750 JOHOR BAHRU,False,0.26666666666666666,False,False
sroie/test/X51005200931,address,address,gemma4-e4b-detailed-image,qwen4b-detailed-both,no 39 jln perma 51700 johor bahru,no 59 jln permas 9 5 bdr baru permas jaya 81750 johor bahru,"NO. 39, JALAN PERMA, 51700 JOHOR BAHRU",NO.59 JALAN PERMAS 9/5 BANDAR BARU PERMAS JAYA 81750 JOHOR BAHRU,False,0.26666666666666666,False,False
sroie/test/X51005200931,address,address,gemma4-e4b-detailed-image,qwen4b-detailed-image,no 39 jln perma 51700 johor bahru,no 59 jln permas 9 5 bdr baru permas jaya 81750 johor bahru,"NO. 39, JALAN PERMA, 51700 JOHOR BAHRU",NO.59 JALAN PERMAS 9/5 BANDAR BARU PERMAS JAYA 81750 JOHOR BAHRU,False,0.26666666666666666,False,False
sroie/test/X51005200931,address,address,qwen27b-detailed-image,qwen4b-detailed-both,no 59 jln permas 9 5 bdr baru permas jaya 81750 johor bahru,no 59 jln permas 9 5 bdr baru permas jaya 81750 johor bahru,NO.59 JALAN PERMAS 9/5 BANDAR BARU PERMAS JAYA 81750 JOHOR BAHRU,NO.59 JALAN PERMAS 9/5 BANDAR BARU PERMAS JAYA 81750 JOHOR BAHRU,True,1.0,False,False
sroie/test/X51005200931,address,address,qwen27b-detailed-image,qwen4b-detailed-image,no 59 jln permas 9 5 bdr baru permas jaya 81750 johor bahru,no 59 jln permas 9 5 bdr baru permas jaya 81750 johor bahru,NO.59 JALAN PERMAS 9/5 BANDAR BARU PERMAS JAYA 81750 JOHOR BAHRU,NO.59 JALAN PERMAS 9/5 BANDAR BARU PERMAS JAYA 81750 JOHOR BAHRU,True,1.0,False,False
sroie/test/X51005200931,address,address,qwen4b-detailed-both,qwen4b-detailed-image,no 59 jln permas 9 5 bdr baru permas jaya 81750 johor bahru,no 59 jln permas 9 5 bdr baru permas jaya 81750 johor bahru,NO.59 JALAN PERMAS 9/5 BANDAR BARU PERMAS JAYA 81750 JOHOR BAHRU,NO.59 JALAN PERMAS 9/5 BANDAR BARU PERMAS JAYA 81750 JOHOR BAHRU,True,1.0,False,False
sroie/test/X51005200931,company,org,gemma4-e4b-detailed-image,qwen27b-detailed-image,perniagaan zheng hui,perniagaan zheng hui,PERNIAGAAN ZHENG HUI,PERNIAGAAN ZHENG HUI,True,1.0,False,False
sroie/test/X51005200931,company,org,gemma4-e4b-detailed-image,qwen4b-detailed-both,perniagaan zheng hui,perniagaan zheng hui,PERNIAGAAN ZHENG HUI,PERNIAGAAN ZHENG HUI,True,1.0,False,False
sroie/test/X51005200931,company,org,gemma4-e4b-detailed-image,qwen4b-detailed-image,perniagaan zheng hui,perniagaan zheng hui,PERNIAGAAN ZHENG HUI,PERNIAGAAN ZHENG HUI,True,1.0,False,False
sroie/test/X51005200931,company,org,qwen27b-detailed-image,qwen4b-detailed-both,perniagaan zheng hui,perniagaan zheng hui,PERNIAGAAN ZHENG HUI,PERNIAGAAN ZHENG HUI,True,1.0,False,False
sroie/test/X51005200931,company,org,qwen27b-detailed-image,qwen4b-detailed-image,perniagaan zheng hui,perniagaan zheng hui,PERNIAGAAN ZHENG HUI,PERNIAGAAN ZHENG HUI,True,1.0,False,False
sroie/test/X51005200931,company,org,qwen4b-detailed-both,qwen4b-detailed-image,perniagaan zheng hui,perniagaan zheng hui,PERNIAGAAN ZHENG HUI,PERNIAGAAN ZHENG HUI,True,1.0,False,False
sroie/test/X51005200931,date,date,gemma4-e4b-detailed-image,qwen27b-detailed-image,2018-02-09,2018-02-09,09/02/2018,09/02/2018,True,1.0,False,False
sroie/test/X51005200931,date,date,gemma4-e4b-detailed-image,qwen4b-detailed-both,2018-02-09,2018-02-09,09/02/2018,09/02/2018,True,1.0,False,False
sroie/test/X51005200931,date,date,gemma4-e4b-detailed-image,qwen4b-detailed-image,2018-02-09,2018-02-09,09/02/2018,09/02/2018,True,1.0,False,False
sroie/test/X51005200931,date,date,qwen27b-detailed-image,qwen4b-detailed-both,2018-02-09,2018-02-09,09/02/2018,09/02/2018,True,1.0,False,False
sroie/test/X51005200931,date,date,qwen27b-detailed-image,qwen4b-detailed-image,2018-02-09,2018-02-09,09/02/2018,09/02/2018,True,1.0,False,False
sroie/test/X51005200931,date,date,qwen4b-detailed-both,qwen4b-detailed-image,2018-02-09,2018-02-09,09/02/2018,09/02/2018,True,1.0,False,False
sroie/test/X51005200931,total,money,gemma4-e4b-detailed-image,qwen27b-detailed-image,436.20,436.20,436.20,436.20,True,1.0,False,False
sroie/test/X51005200931,total,money,gemma4-e4b-detailed-image,qwen4b-detailed-both,436.20,436.20,436.20,436.20,True,1.0,False,False
sroie/test/X51005200931,total,money,gemma4-e4b-detailed-image,qwen4b-detailed-image,436.20,438.20,436.20,438.20,False,0.0,False,False
sroie/test/X51005200931,total,money,qwen27b-detailed-image,qwen4b-detailed-both,436.20,436.20,436.20,436.20,True,1.0,False,False
sroie/test/X51005200931,total,money,qwen27b-detailed-image,qwen4b-detailed-image,436.20,438.20,436.20,438.20,False,0.0,False,False
sroie/test/X51005200931,total,money,qwen4b-detailed-both,qwen4b-detailed-image,436.20,438.20,436.20,438.20,False,0.0,False,False
sroie/test/X51005230605,address,address,gemma4-e4b-detailed-image,qwen27b-detailed-image,km 458 4 bkt lanjan l raya utara sg buloh 47000,km 458 4 bkt lanjan utara l raya utara selatan sg buloh 47000 sungai bul,"KM 458.4 BKT LANJAN, L/RAYA UTARA, SG BULOH 47000","KM 458.4 BKT LANJAN UTARA, L/RAYA UTARA SELATAN,SG BULOH 47000 SUNGAI BUL",False,0.7857142857142857,False,False
sroie/test/X51005230605,address,address,gemma4-e4b-detailed-image,qwen4b-detailed-both,km 458 4 bkt lanjan l raya utara sg buloh 47000,km 458 4 bkt lanjan utara l raya utara selatan sg buloh 47000 sungai bul,"KM 458.4 BKT LANJAN, L/RAYA UTARA, SG BULOH 47000","KM 458.4 BKT LANJAN UTARA, L/RAYA UTARA SELATAN, SG BULOH 47000 SUNGAI BUL",False,0.7857142857142857,False,False
sroie/test/X51005230605,address,address,gemma4-e4b-detailed-image,qwen4b-detailed-image,km 458 4 bkt lanjan l raya utara sg buloh 47000,km 458 4 bkt lanjan utara l raya utara selatan sg buloh 47000 sungai bul,"KM 458.4 BKT LANJAN, L/RAYA UTARA, SG BULOH 47000","KM 458.4 BKT LANJAN UTARA, L/RAYA UTARA SELATAN,SG BULOH 47000 SUNGAI BUL",False,0.7857142857142857,False,False
sroie/test/X51005230605,address,address,qwen27b-detailed-image,qwen4b-detailed-both,km 458 4 bkt lanjan utara l raya utara selatan sg buloh 47000 sungai bul,km 458 4 bkt lanjan utara l raya utara selatan sg buloh 47000 sungai bul,"KM 458.4 BKT LANJAN UTARA, L/RAYA UTARA SELATAN,SG BULOH 47000 SUNGAI BUL","KM 458.4 BKT LANJAN UTARA, L/RAYA UTARA SELATAN, SG BULOH 47000 SUNGAI BUL",True,1.0,False,False
sroie/test/X51005230605,address,address,qwen27b-detailed-image,qwen4b-detailed-image,km 458 4 bkt lanjan utara l raya utara selatan sg buloh 47000 sungai bul,km 458 4 bkt lanjan utara l raya utara selatan sg buloh 47000 sungai bul,"KM 458.4 BKT LANJAN UTARA, L/RAYA UTARA SELATAN,SG BULOH 47000 SUNGAI BUL","KM 458.4 BKT LANJAN UTARA, L/RAYA UTARA SELATAN,SG BULOH 47000 SUNGAI BUL",True,1.0,False,False
sroie/test/X51005230605,address,address,qwen4b-detailed-both,qwen4b-detailed-image,km 458 4 bkt lanjan utara l raya utara selatan sg buloh 47000 sungai bul,km 458 4 bkt lanjan utara l raya utara selatan sg buloh 47000 sungai bul,"KM 458.4 BKT LANJAN UTARA, L/RAYA UTARA SELATAN, SG BULOH 47000 SUNGAI BUL","KM 458.4 BKT LANJAN UTARA, L/RAYA UTARA SELATAN,SG BULOH 47000 SUNGAI BUL",True,1.0,False,False
sroie/test/X51005230605,company,org,gemma4-e4b-detailed-image,qwen27b-detailed-image,petron bkt lanjan sb,petron bkt lanjan sb,PETRON BKT LANJAN SB,PETRON BKT LANJAN SB,True,1.0,False,False
sroie/test/X51005230605,company,org,gemma4-e4b-detailed-image,qwen4b-detailed-both,petron bkt lanjan sb,petron bkt lanjan sb,PETRON BKT LANJAN SB,PETRON BKT LANJAN SB,True,1.0,False,False
sroie/test/X51005230605,company,org,gemma4-e4b-detailed-image,qwen4b-detailed-image,petron bkt lanjan sb,petron bkt lanjan sb alserkam enterprise,PETRON BKT LANJAN SB,PETRON BKT LANJAN SB ALSERKAM ENTERPRISE,False,0.6666666666666666,False,False
sroie/test/X51005230605,company,org,qwen27b-detailed-image,qwen4b-detailed-both,petron bkt lanjan sb,petron bkt lanjan sb,PETRON BKT LANJAN SB,PETRON BKT LANJAN SB,True,1.0,False,False
sroie/test/X51005230605,company,org,qwen27b-detailed-image,qwen4b-detailed-image,petron bkt lanjan sb,petron bkt lanjan sb alserkam enterprise,PETRON BKT LANJAN SB,PETRON BKT LANJAN SB ALSERKAM ENTERPRISE,False,0.6666666666666666,False,False
sroie/test/X51005230605,company,org,qwen4b-detailed-both,qwen4b-detailed-image,petron bkt lanjan sb,petron bkt lanjan sb alserkam enterprise,PETRON BKT LANJAN SB,PETRON BKT LANJAN SB ALSERKAM ENTERPRISE,False,0.6666666666666666,False,False
sroie/test/X51005230605,date,date,gemma4-e4b-detailed-image,qwen27b-detailed-image,2018-02-01,2018-02-01,01/02/2018,01/02/2018,True,1.0,False,False
sroie/test/X51005230605,date,date,gemma4-e4b-detailed-image,qwen4b-detailed-both,2018-02-01,2018-02-01,01/02/2018,01/02/2018,True,1.0,False,False
sroie/test/X51005230605,date,date,gemma4-e4b-detailed-image,qwen4b-detailed-image,2018-02-01,2018-02-01,01/02/2018,01/02/2018,True,1.0,False,False
sroie/test/X51005230605,date,date,qwen27b-detailed-image,qwen4b-detailed-both,2018-02-01,2018-02-01,01/02/2018,01/02/2018,True,1.0,False,False
sroie/test/X51005230605,date,date,qwen27b-detailed-image,qwen4b-detailed-image,2018-02-01,2018-02-01,01/02/2018,01/02/2018,True,1.0,False,False
sroie/test/X51005230605,date,date,qwen4b-detailed-both,qwen4b-detailed-image,2018-02-01,2018-02-01,01/02/2018,01/02/2018,True,1.0,False,False
sroie/test/X51005230605,total,money,gemma4-e4b-detailed-image,qwen27b-detailed-image,4.90,4.90,4.90,4.90,True,1.0,False,False
sroie/test/X51005230605,total,money,gemma4-e4b-detailed-image,qwen4b-detailed-both,4.90,4.90,4.90,4.90,True,1.0,False,False
sroie/test/X51005230605,total,money,gemma4-e4b-detailed-image,qwen4b-detailed-image,4.90,4.90,4.90,4.90,True,1.0,False,False
sroie/test/X51005230605,total,money,qwen27b-detailed-image,qwen4b-detailed-both,4.90,4.90,4.90,4.90,True,1.0,False,False
sroie/test/X51005230605,total,money,qwen27b-detailed-image,qwen4b-detailed-image,4.90,4.90,4.90,4.90,True,1.0,False,False
sroie/test/X51005230605,total,money,qwen4b-detailed-both,qwen4b-detailed-image,4.90,4.90,4.90,4.90,True,1.0,False,False
sroie/test/X51005230616,address,address,gemma4-e4b-detailed-image,qwen27b-detailed-image,level 6 bangunan th damansara uptown no 3 jln ss21 49 petaling jaya,level 6 bangunan th damansara uptown3 no 3 jln ss21 39 47400 petaling jaya selangor,"Level 6, Bangunan TH, Damansara Uptown, No.3, Jalan SS21/49, Petaling Jaya","Level 6, Bangunan TH, Damansara Uptown3 No.3, Jalan SS21/39,47400 Petaling Jaya Selangor",False,0.6470588235294118,False,False
sroie/test/X51005230616,address,address,gemma4-e4b-detailed-image,qwen4b-detailed-both,level 6 bangunan th damansara uptown no 3 jln ss21 49 petaling jaya,level 6 bangunan th damansara uptown3 no 3 jln ss21 39 47400 petaling jaya selangor,"Level 6, Bangunan TH, Damansara Uptown, No.3, Jalan SS21/49, Petaling Jaya","Level 6, Bangunan TH, Damansara Uptown3 No.3, Jalan SS21/39, 47400 Petaling Jaya Selangor",False,0.6470588235294118,False,False
sroie/test/X51005230616,address,address,gemma4-e4b-detailed-image,qwen4b-detailed-image,level 6 bangunan th damansara uptown no 3 jln ss21 49 petaling jaya,level 6 bangunan th damansara uptown3 no 3 jln ss21 39 47400 petaling jaya selangor,"Level 6, Bangunan TH, Damansara Uptown, No.3, Jalan SS21/49, Petaling Jaya","Level 6, Bangunan TH, Damansara Uptown3 No.3, Jalan SS21/39,47400 Petaling Jaya Selangor",False,0.6470588235294118,False,False
sroie/test/X51005230616,address,address,qwen27b-detailed-image,qwen4b-detailed-both,level 6 bangunan th damansara uptown3 no 3 jln ss21 39 47400 petaling jaya selangor,level 6 bangunan th damansara uptown3 no 3 jln ss21 39 47400 petaling jaya selangor,"Level 6, Bangunan TH, Damansara Uptown3 No.3, Jalan SS21/39,47400 Petaling Jaya Selangor","Level 6, Bangunan TH, Damansara Uptown3 No.3, Jalan SS21/39, 47400 Petaling Jaya Selangor",True,1.0,False,False
sroie/test/X51005230616,address,address,qwen27b-detailed-image,qwen4b-detailed-image,level 6 bangunan th damansara uptown3 no 3 jln ss21 39 47400 petaling jaya selangor,level 6 bangunan th damansara uptown3 no 3 jln ss21 39 47400 petaling jaya selangor,"Level 6, Bangunan TH, Damansara Uptown3 No.3, Jalan SS21/39,47400 Petaling Jaya Selangor","Level 6, Bangunan TH, Damansara Uptown3 No.3, Jalan SS21/39,47400 Petaling Jaya Selangor",True,1.0,False,False
sroie/test/X51005230616,address,address,qwen4b-detailed-both,qwen4b-detailed-image,level 6 bangunan th damansara uptown3 no 3 jln ss21 39 47400 petaling jaya selangor,level 6 bangunan th damansara uptown3 no 3 jln ss21 39 47400 petaling jaya selangor,"Level 6, Bangunan TH, Damansara Uptown3 No.3, Jalan SS21/39, 47400 Petaling Jaya Selangor","Level 6, Bangunan TH, Damansara Uptown3 No.3, Jalan SS21/39,47400 Petaling Jaya Selangor",True,1.0,False,False
sroie/test/X51005230616,company,org,gemma4-e4b-detailed-image,qwen27b-detailed-image,gerbang alaf restaurants,gerbang alaf restaurants,Gerbang Alaf Restaurants Sdn Bhd,Gerbang Alaf Restaurants Sdn Bhd,True,1.0,False,False
sroie/test/X51005230616,company,org,gemma4-e4b-detailed-image,qwen4b-detailed-both,gerbang alaf restaurants,gerbang alaf restaurants,Gerbang Alaf Restaurants Sdn Bhd,Gerbang Alaf Restaurants Sdn Bhd,True,1.0,False,False
sroie/test/X51005230616,company,org,gemma4-e4b-detailed-image,qwen4b-detailed-image,gerbang alaf restaurants,gerbang alaf restaurants,Gerbang Alaf Restaurants Sdn Bhd,Gerbang Alaf Restaurants Sdn Bhd,True,1.0,False,False
sroie/test/X51005230616,company,org,qwen27b-detailed-image,qwen4b-detailed-both,gerbang alaf restaurants,gerbang alaf restaurants,Gerbang Alaf Restaurants Sdn Bhd,Gerbang Alaf Restaurants Sdn Bhd,True,1.0,False,False
sroie/test/X51005230616,company,org,qwen27b-detailed-image,qwen4b-detailed-image,gerbang alaf restaurants,gerbang alaf restaurants,Gerbang Alaf Restaurants Sdn Bhd,Gerbang Alaf Restaurants Sdn Bhd,True,1.0,False,False
sroie/test/X51005230616,company,org,qwen4b-detailed-both,qwen4b-detailed-image,gerbang alaf restaurants,gerbang alaf restaurants,Gerbang Alaf Restaurants Sdn Bhd,Gerbang Alaf Restaurants Sdn Bhd,True,1.0,False,False
sroie/test/X51005230616,date,date,gemma4-e4b-detailed-image,qwen27b-detailed-image,2018-01-18,2018-01-18,18/01/2018,18/01/2018,True,1.0,False,False
sroie/test/X51005230616,date,date,gemma4-e4b-detailed-image,qwen4b-detailed-both,2018-01-18,2018-01-18,18/01/2018,18/01/2018,True,1.0,False,False
sroie/test/X51005230616,date,date,gemma4-e4b-detailed-image,qwen4b-detailed-image,2018-01-18,2018-01-18,18/01/2018,18/01/2018,True,1.0,False,False
sroie/test/X51005230616,date,date,qwen27b-detailed-image,qwen4b-detailed-both,2018-01-18,2018-01-18,18/01/2018,18/01/2018,True,1.0,False,False
sroie/test/X51005230616,date,date,qwen27b-detailed-image,qwen4b-detailed-image,2018-01-18,2018-01-18,18/01/2018,18/01/2018,True,1.0,False,False
sroie/test/X51005230616,date,date,qwen4b-detailed-both,qwen4b-detailed-image,2018-01-18,2018-01-18,18/01/2018,18/01/2018,True,1.0,False,False
sroie/test/X51005230616,total,money,gemma4-e4b-detailed-image,qwen27b-detailed-image,50.00,38.90,50.00,38.90,False,0.0,False,False
sroie/test/X51005230616,total,money,gemma4-e4b-detailed-image,qwen4b-detailed-both,50.00,38.90,50.00,38.90,False,0.0,False,False
sroie/test/X51005230616,total,money,gemma4-e4b-detailed-image,qwen4b-detailed-image,50.00,38.90,50.00,38.90,False,0.0,False,False
sroie/test/X51005230616,total,money,qwen27b-detailed-image,qwen4b-detailed-both,38.90,38.90,38.90,38.90,True,1.0,False,False
sroie/test/X51005230616,total,money,qwen27b-detailed-image,qwen4b-detailed-image,38.90,38.90,38.90,38.90,True,1.0,False,False
sroie/test/X51005230616,total,money,qwen4b-detailed-both,qwen4b-detailed-image,38.90,38.90,38.90,38.90,True,1.0,False,False
sroie/test/X51005230621,address,address,gemma4-e4b-detailed-image,qwen27b-detailed-image,lot 13 jln ipoh kg batu ulu yam 44300 kali selangor,lot 13 jln ipoh kg batu 30 ulu yam lama 44300 btg kali selangor,"LOT 13, JALAN IPOH, KG BATU, ULU YAM, 44300 KALI, SELANGOR","LOT 13, JALAN IPOH, KG BATU 30 , ULU YAM LAMA 44300 BTG KALI, SELANGOR",False,0.7857142857142857,False,False
sroie/test/X51005230621,address,address,gemma4-e4b-detailed-image,qwen4b-detailed-both,lot 13 jln ipoh kg batu ulu yam 44300 kali selangor,lot 13 jln ipoh kg batu 30 ulu yam lama 44300 btg kali selangor,"LOT 13, JALAN IPOH, KG BATU, ULU YAM, 44300 KALI, SELANGOR","LOT 13, JALAN IPOH, KG BATU 30, ULU YAM LAMA 44300 BTG KALI, SELANGOR.",False,0.7857142857142857,False,False
sroie/test/X51005230621,address,address,gemma4-e4b-detailed-image,qwen4b-detailed-image,lot 13 jln ipoh kg batu ulu yam 44300 kali selangor,lot 13 jln ipoh kg batu 30 ulu yam lama 44300 btg kali selangor,"LOT 13, JALAN IPOH, KG BATU, ULU YAM, 44300 KALI, SELANGOR","LOT 13, JALAN IPOH, KG BATU 30 , ULU YAM LAMA 44300 BTG KALI, SELANGOR.",False,0.7857142857142857,False,False
sroie/test/X51005230621,address,address,qwen27b-detailed-image,qwen4b-detailed-both,lot 13 jln ipoh kg batu 30 ulu yam lama 44300 btg kali selangor,lot 13 jln ipoh kg batu 30 ulu yam lama 44300 btg kali selangor,"LOT 13, JALAN IPOH, KG BATU 30 , ULU YAM LAMA 44300 BTG KALI, SELANGOR","LOT 13, JALAN IPOH, KG BATU 30, ULU YAM LAMA 44300 BTG KALI, SELANGOR.",True,1.0,False,False
sroie/test/X51005230621,address,address,qwen27b-detailed-image,qwen4b-detailed-image,lot 13 jln ipoh kg batu 30 ulu yam lama 44300 btg kali selangor,lot 13 jln ipoh kg batu 30 ulu yam lama 44300 btg kali selangor,"LOT 13, JALAN IPOH, KG BATU 30 , ULU YAM LAMA 44300 BTG KALI, SELANGOR","LOT 13, JALAN IPOH, KG BATU 30 , ULU YAM LAMA 44300 BTG KALI, SELANGOR.",True,1.0,False,False
sroie/test/X51005230621,address,address,qwen4b-detailed-both,qwen4b-detailed-image,lot 13 jln ipoh kg batu 30 ulu yam lama 44300 btg kali selangor,lot 13 jln ipoh kg batu 30 ulu yam lama 44300 btg kali selangor,"LOT 13, JALAN IPOH, KG BATU 30, ULU YAM LAMA 44300 BTG KALI, SELANGOR.","LOT 13, JALAN IPOH, KG BATU 30 , ULU YAM LAMA 44300 BTG KALI, SELANGOR.",True,1.0,False,False
sroie/test/X51005230621,company,org,gemma4-e4b-detailed-image,qwen27b-detailed-image,sin lianh,sin lianhap,SIN LIANH SDN BHD,SIN LIANHAP SDN BHD,False,0.3333333333333333,False,False
sroie/test/X51005230621,company,org,gemma4-e4b-detailed-image,qwen4b-detailed-both,sin lianh,sin lianhap,SIN LIANH SDN BHD,SIN LIANHAP SDN BHD,False,0.3333333333333333,False,False
sroie/test/X51005230621,company,org,gemma4-e4b-detailed-image,qwen4b-detailed-image,sin lianh,sin lianhap,SIN LIANH SDN BHD,SIN LIANHAP SDN BHD,False,0.3333333333333333,False,False
sroie/test/X51005230621,company,org,qwen27b-detailed-image,qwen4b-detailed-both,sin lianhap,sin lianhap,SIN LIANHAP SDN BHD,SIN LIANHAP SDN BHD,True,1.0,False,False
sroie/test/X51005230621,company,org,qwen27b-detailed-image,qwen4b-detailed-image,sin lianhap,sin lianhap,SIN LIANHAP SDN BHD,SIN LIANHAP SDN BHD,True,1.0,False,False
sroie/test/X51005230621,company,org,qwen4b-detailed-both,qwen4b-detailed-image,sin lianhap,sin lianhap,SIN LIANHAP SDN BHD,SIN LIANHAP SDN BHD,True,1.0,False,False
sroie/test/X51005230621,date,date,gemma4-e4b-detailed-image,qwen27b-detailed-image,2018-02-05,2018-02-05,05/02/2018,05/02/2018,True,1.0,False,False
sroie/test/X51005230621,date,date,gemma4-e4b-detailed-image,qwen4b-detailed-both,2018-02-05,2018-02-05,05/02/2018,05/02/2018,True,1.0,False,False
sroie/test/X51005230621,date,date,gemma4-e4b-detailed-image,qwen4b-detailed-image,2018-02-05,2018-02-05,05/02/2018,05/02/2018,True,1.0,False,False
sroie/test/X51005230621,date,date,qwen27b-detailed-image,qwen4b-detailed-both,2018-02-05,2018-02-05,05/02/2018,05/02/2018,True,1.0,False,False
sroie/test/X51005230621,date,date,qwen27b-detailed-image,qwen4b-detailed-image,2018-02-05,2018-02-05,05/02/2018,05/02/2018,True,1.0,False,False
sroie/test/X51005230621,date,date,qwen4b-detailed-both,qwen4b-detailed-image,2018-02-05,2018-02-05,05/02/2018,05/02/2018,True,1.0,False,False
sroie/test/X51005230621,total,money,gemma4-e4b-detailed-image,qwen27b-detailed-image,7.30,7.30,7.30,7.30,True,1.0,False,False
sroie/test/X51005230621,total,money,gemma4-e4b-detailed-image,qwen4b-detailed-both,7.30,7.30,7.30,7.30,True,1.0,False,False
sroie/test/X51005230621,total,money,gemma4-e4b-detailed-image,qwen4b-detailed-image,7.30,7.30,7.30,7.30,True,1.0,False,False
sroie/test/X51005230621,total,money,qwen27b-detailed-image,qwen4b-detailed-both,7.30,7.30,7.30,7.30,True,1.0,False,False
sroie/test/X51005230621,total,money,qwen27b-detailed-image,qwen4b-detailed-image,7.30,7.30,7.30,7.30,True,1.0,False,False
sroie/test/X51005230621,total,money,qwen4b-detailed-both,qwen4b-detailed-image,7.30,7.30,7.30,7.30,True,1.0,False,False
sroie/test/X51005230648,address,address,gemma4-e4b-detailed-image,qwen27b-detailed-image,47 jln meranti 1 sek 3 bdr utama batang kali 44300 batang kali,47 jln meranti 1 sek 3 bdr utama batang kali 44300 batang kali selangor,"47, JALAN MERANTI 1, SEK. 3, BANDAR UTAMA BATANG KALI, 44300 BATANG KALI","47, JALAN MERANTI 1, SEK. 3, BANDAR UTAMA BATANG KALI, 44300 BATANG KALI, SELANGOR.",False,0.9166666666666666,False,False
sroie/test/X51005230648,address,address,gemma4-e4b-detailed-image,qwen4b-detailed-both,47 jln meranti 1 sek 3 bdr utama batang kali 44300 batang kali,47 jln meranti 1 sek 3 bdr utama batang kali 44300 batang kali selangor,"47, JALAN MERANTI 1, SEK. 3, BANDAR UTAMA BATANG KALI, 44300 BATANG KALI","47, JALAN MERANTI 1, SEK. 3, BANDAR UTAMA BATANG KALI, 44300 BATANG KALI, SELANGOR.",False,0.9166666666666666,False,False
sroie/test/X51005230648,address,address,gemma4-e4b-detailed-image,qwen4b-detailed-image,47 jln meranti 1 sek 3 bdr utama batang kali 44300 batang kali,47 jln meranti 1 sek 3 bdr utama batang kali 44300 batang kali selangor,"47, JALAN MERANTI 1, SEK. 3, BANDAR UTAMA BATANG KALI, 44300 BATANG KALI","47, JALAN MERANTI 1, SEK. 3, BANDAR UTAMA BATANG KALI, 44300 BATANG KALI, SELANGOR.",False,0.9166666666666666,False,False
sroie/test/X51005230648,address,address,qwen27b-detailed-image,qwen4b-detailed-both,47 jln meranti 1 sek 3 bdr utama batang kali 44300 batang kali selangor,47 jln meranti 1 sek 3 bdr utama batang kali 44300 batang kali selangor,"47, JALAN MERANTI 1, SEK. 3, BANDAR UTAMA BATANG KALI, 44300 BATANG KALI, SELANGOR.","47, JALAN MERANTI 1, SEK. 3, BANDAR UTAMA BATANG KALI, 44300 BATANG KALI, SELANGOR.",True,1.0,False,False
sroie/test/X51005230648,address,address,qwen27b-detailed-image,qwen4b-detailed-image,47 jln meranti 1 sek 3 bdr utama batang kali 44300 batang kali selangor,47 jln meranti 1 sek 3 bdr utama batang kali 44300 batang kali selangor,"47, JALAN MERANTI 1, SEK. 3, BANDAR UTAMA BATANG KALI, 44300 BATANG KALI, SELANGOR.","47, JALAN MERANTI 1, SEK. 3, BANDAR UTAMA BATANG KALI, 44300 BATANG KALI, SELANGOR.",True,1.0,False,False
sroie/test/X51005230648,address,address,qwen4b-detailed-both,qwen4b-detailed-image,47 jln meranti 1 sek 3 bdr utama batang kali 44300 batang kali selangor,47 jln meranti 1 sek 3 bdr utama batang kali 44300 batang kali selangor,"47, JALAN MERANTI 1, SEK. 3, BANDAR UTAMA BATANG KALI, 44300 BATANG KALI, SELANGOR.","47, JALAN MERANTI 1, SEK. 3, BANDAR UTAMA BATANG KALI, 44300 BATANG KALI, SELANGOR.",True,1.0,False,False
sroie/test/X51005230648,company,org,gemma4-e4b-detailed-image,qwen27b-detailed-image,cross channel network,cross channel network,CROSS CHANNEL NETWORK SDN. BHD.,CROSS CHANNEL NETWORK SDN. BHD.,True,1.0,False,False
sroie/test/X51005230648,company,org,gemma4-e4b-detailed-image,qwen4b-detailed-both,cross channel network,cross channel network,CROSS CHANNEL NETWORK SDN. BHD.,CROSS CHANNEL NETWORK SDN. BHD.,True,1.0,False,False
sroie/test/X51005230648,company,org,gemma4-e4b-detailed-image,qwen4b-detailed-image,cross channel network,cross channel network,CROSS CHANNEL NETWORK SDN. BHD.,CROSS CHANNEL NETWORK SDN. BHD.,True,1.0,False,False
sroie/test/X51005230648,company,org,qwen27b-detailed-image,qwen4b-detailed-both,cross channel network,cross channel network,CROSS CHANNEL NETWORK SDN. BHD.,CROSS CHANNEL NETWORK SDN. BHD.,True,1.0,False,False
sroie/test/X51005230648,company,org,qwen27b-detailed-image,qwen4b-detailed-image,cross channel network,cross channel network,CROSS CHANNEL NETWORK SDN. BHD.,CROSS CHANNEL NETWORK SDN. BHD.,True,1.0,False,False
sroie/test/X51005230648,company,org,qwen4b-detailed-both,qwen4b-detailed-image,cross channel network,cross channel network,CROSS CHANNEL NETWORK SDN. BHD.,CROSS CHANNEL NETWORK SDN. BHD.,True,1.0,False,False
sroie/test/X51005230648,date,date,gemma4-e4b-detailed-image,qwen27b-detailed-image,2018-01-29,2018-01-29,29/01/2018,29/01/2018,True,1.0,False,False
sroie/test/X51005230648,date,date,gemma4-e4b-detailed-image,qwen4b-detailed-both,2018-01-29,2018-01-29,29/01/2018,29/01/2018,True,1.0,False,False
sroie/test/X51005230648,date,date,gemma4-e4b-detailed-image,qwen4b-detailed-image,2018-01-29,2018-01-29,29/01/2018,29/01/2018,True,1.0,False,False
sroie/test/X51005230648,date,date,qwen27b-detailed-image,qwen4b-detailed-both,2018-01-29,2018-01-29,29/01/2018,29/01/2018,True,1.0,False,False
sroie/test/X51005230648,date,date,qwen27b-detailed-image,qwen4b-detailed-image,2018-01-29,2018-01-29,29/01/2018,29/01/2018,True,1.0,False,False
sroie/test/X51005230648,date,date,qwen4b-detailed-both,qwen4b-detailed-image,2018-01-29,2018-01-29,29/01/2018,29/01/2018,True,1.0,False,False
sroie/test/X51005230648,total,money,gemma4-e4b-detailed-image,qwen27b-detailed-image,0.36,6.35,0.36,6.35,False,0.0,False,False
sroie/test/X51005230648,total,money,gemma4-e4b-detailed-image,qwen4b-detailed-both,0.36,6.35,0.36,6.35,False,0.0,False,False
sroie/test/X51005230648,total,money,gemma4-e4b-detailed-image,qwen4b-detailed-image,0.36,6.35,0.36,6.35,False,0.0,False,False
sroie/test/X51005230648,total,money,qwen27b-detailed-image,qwen4b-detailed-both,6.35,6.35,6.35,6.35,True,1.0,False,False
sroie/test/X51005230648,total,money,qwen27b-detailed-image,qwen4b-detailed-image,6.35,6.35,6.35,6.35,True,1.0,False,False
sroie/test/X51005230648,total,money,qwen4b-detailed-both,qwen4b-detailed-image,6.35,6.35,6.35,6.35,True,1.0,False,False
sroie/test/X51005230657,address,address,gemma4-e4b-detailed-image,qwen27b-detailed-image,47 jln meranti 1 sek bdr utama batang kali 44300 batang kali,47 jln meranti 1 sek 3 bdr utama batang kali 44300 batang kali selangor,"47, JALAN MERANTI, 1, SEK, BANDAR UTAMA BATANG KALI, 44300 BATANG KALI.","47, JALAN MERANTI 1, SEK. 3, BANDAR UTAMA BATANG KALI, 44300 BATANG KALI, SELANGOR.",False,0.8333333333333334,False,False
sroie/test/X51005230657,address,address,gemma4-e4b-detailed-image,qwen4b-detailed-both,47 jln meranti 1 sek bdr utama batang kali 44300 batang kali,47 jln meranti 1 sek 3 bdr utama batang kali 44300 batang kali selangor,"47, JALAN MERANTI, 1, SEK, BANDAR UTAMA BATANG KALI, 44300 BATANG KALI.","47, JALAN MERANTI 1, SEK. 3, BANDAR UTAMA BATANG KALI, 44300 BATANG KALI, SELANGOR.",False,0.8333333333333334,False,False
sroie/test/X51005230657,address,address,gemma4-e4b-detailed-image,qwen4b-detailed-image,47 jln meranti 1 sek bdr utama batang kali 44300 batang kali,47 jln meranti 1 sek 3 bdr utama batang kali 44300 batang kali selangor,"47, JALAN MERANTI, 1, SEK, BANDAR UTAMA BATANG KALI, 44300 BATANG KALI.","47, JALAN MERANTI 1, SEK. 3, BANDAR UTAMA BATANG KALI, 44300 BATANG KALI, SELANGOR.",False,0.8333333333333334,False,False
sroie/test/X51005230657,address,address,qwen27b-detailed-image,qwen4b-detailed-both,47 jln meranti 1 sek 3 bdr utama batang kali 44300 batang kali selangor,47 jln meranti 1 sek 3 bdr utama batang kali 44300 batang kali selangor,"47, JALAN MERANTI 1, SEK. 3, BANDAR UTAMA BATANG KALI, 44300 BATANG KALI, SELANGOR.","47, JALAN MERANTI 1, SEK. 3, BANDAR UTAMA BATANG KALI, 44300 BATANG KALI, SELANGOR.",True,1.0,False,False
sroie/test/X51005230657,address,address,qwen27b-detailed-image,qwen4b-detailed-image,47 jln meranti 1 sek 3 bdr utama batang kali 44300 batang kali selangor,47 jln meranti 1 sek 3 bdr utama batang kali 44300 batang kali selangor,"47, JALAN MERANTI 1, SEK. 3, BANDAR UTAMA BATANG KALI, 44300 BATANG KALI, SELANGOR.","47, JALAN MERANTI 1, SEK. 3, BANDAR UTAMA BATANG KALI, 44300 BATANG KALI, SELANGOR.",True,1.0,False,False
sroie/test/X51005230657,address,address,qwen4b-detailed-both,qwen4b-detailed-image,47 jln meranti 1 sek 3 bdr utama batang kali 44300 batang kali selangor,47 jln meranti 1 sek 3 bdr utama batang kali 44300 batang kali selangor,"47, JALAN MERANTI 1, SEK. 3, BANDAR UTAMA BATANG KALI, 44300 BATANG KALI, SELANGOR.","47, JALAN MERANTI 1, SEK. 3, BANDAR UTAMA BATANG KALI, 44300 BATANG KALI, SELANGOR.",True,1.0,False,False
sroie/test/X51005230657,company,org,gemma4-e4b-detailed-image,qwen27b-detailed-image,cross channel network,cross channel network,CROSS CHANNEL NETWORK SDN. BHD.,CROSS CHANNEL NETWORK SDN. BHD.,True,1.0,False,False
sroie/test/X51005230657,company,org,gemma4-e4b-detailed-image,qwen4b-detailed-both,cross channel network,cross channel network,CROSS CHANNEL NETWORK SDN. BHD.,CROSS CHANNEL NETWORK SDN. BHD.,True,1.0,False,False
sroie/test/X51005230657,company,org,gemma4-e4b-detailed-image,qwen4b-detailed-image,cross channel network,cross channel network,CROSS CHANNEL NETWORK SDN. BHD.,CROSS CHANNEL NETWORK SDN. BHD.,True,1.0,False,False
sroie/test/X51005230657,company,org,qwen27b-detailed-image,qwen4b-detailed-both,cross channel network,cross channel network,CROSS CHANNEL NETWORK SDN. BHD.,CROSS CHANNEL NETWORK SDN. BHD.,True,1.0,False,False
sroie/test/X51005230657,company,org,qwen27b-detailed-image,qwen4b-detailed-image,cross channel network,cross channel network,CROSS CHANNEL NETWORK SDN. BHD.,CROSS CHANNEL NETWORK SDN. BHD.,True,1.0,False,False
sroie/test/X51005230657,company,org,qwen4b-detailed-both,qwen4b-detailed-image,cross channel network,cross channel network,CROSS CHANNEL NETWORK SDN. BHD.,CROSS CHANNEL NETWORK SDN. BHD.,True,1.0,False,False
sroie/test/X51005230657,date,date,gemma4-e4b-detailed-image,qwen27b-detailed-image,2017-12-31,2017-12-31,31/12/2017,31/12/2017,True,1.0,False,False
sroie/test/X51005230657,date,date,gemma4-e4b-detailed-image,qwen4b-detailed-both,2017-12-31,2017-12-31,31/12/2017,31/12/2017,True,1.0,False,False
sroie/test/X51005230657,date,date,gemma4-e4b-detailed-image,qwen4b-detailed-image,2017-12-31,2017-12-31,31/12/2017,31/12/2017,True,1.0,False,False
sroie/test/X51005230657,date,date,qwen27b-detailed-image,qwen4b-detailed-both,2017-12-31,2017-12-31,31/12/2017,31/12/2017,True,1.0,False,False
sroie/test/X51005230657,date,date,qwen27b-detailed-image,qwen4b-detailed-image,2017-12-31,2017-12-31,31/12/2017,31/12/2017,True,1.0,False,False
sroie/test/X51005230657,date,date,qwen4b-detailed-both,qwen4b-detailed-image,2017-12-31,2017-12-31,31/12/2017,31/12/2017,True,1.0,False,False
sroie/test/X51005230657,total,money,gemma4-e4b-detailed-image,qwen27b-detailed-image,7.50,7.95,7.50,7.95,False,0.0,False,False
sroie/test/X51005230657,total,money,gemma4-e4b-detailed-image,qwen4b-detailed-both,7.50,7.95,7.50,7.95,False,0.0,False,False
sroie/test/X51005230657,total,money,gemma4-e4b-detailed-image,qwen4b-detailed-image,7.50,10.00,7.50,10.00,False,0.0,False,False
sroie/test/X51005230657,total,money,qwen27b-detailed-image,qwen4b-detailed-both,7.95,7.95,7.95,7.95,True,1.0,False,False
sroie/test/X51005230657,total,money,qwen27b-detailed-image,qwen4b-detailed-image,7.95,10.00,7.95,10.00,False,0.0,False,False
sroie/test/X51005230657,total,money,qwen4b-detailed-both,qwen4b-detailed-image,7.95,10.00,7.95,10.00,False,0.0,False,False
sroie/test/X51005230659,address,address,gemma4-e4b-detailed-image,qwen27b-detailed-image,no 5 7 jln mahagoni 7 1 seksyen 4 bdr utama 44300 batang kali selangor,no 5 7 jln mahagoni 7 1 seksyen 4 bdr utama 44300 batang kali selangor,"No 5-7, Jalan Mahagoni 7/1, Seksyen 4, Bandar Utama, 44300 Batang Kali, Selangor","NO. 5-7, Jalan Mahagoni 7/1, Seksyen 4, Bandar Utama, 44300 Batang Kali, Selangor.",True,1.0,False,False
sroie/test/X51005230659,address,address,gemma4-e4b-detailed-image,qwen4b-detailed-both,no 5 7 jln mahagoni 7 1 seksyen 4 bdr utama 44300 batang kali selangor,no 5 7 sekysen 4 batang kali,"No 5-7, Jalan Mahagoni 7/1, Seksyen 4, Bandar Utama, 44300 Batang Kali, Selangor",NO. 5-7 SEKYSEN 4 BATANG KALI,False,0.4,False,False
sroie/test/X51005230659,address,address,gemma4-e4b-detailed-image,qwen4b-detailed-image,no 5 7 jln mahagoni 7 1 seksyen 4 bdr utama 44300 batang kali selangor,no 5 7 jln mahagoni 7 1 sekyen 4 bdr utama 44300 batang kali selangor,"No 5-7, Jalan Mahagoni 7/1, Seksyen 4, Bandar Utama, 44300 Batang Kali, Selangor","No. 5-7, Jalan Mahagoni 7/1, Sekyen 4, Bandar Utama, 44300 Batang Kali, Selangor.",False,0.8666666666666667,False,False
sroie/test/X51005230659,address,address,qwen27b-detailed-image,qwen4b-detailed-both,no 5 7 jln mahagoni 7 1 seksyen 4 bdr utama 44300 batang kali selangor,no 5 7 sekysen 4 batang kali,"NO. 5-7, Jalan Mahagoni 7/1, Seksyen 4, Bandar Utama, 44300 Batang Kali, Selangor.",NO. 5-7 SEKYSEN 4 BATANG KALI,False,0.4,False,False
sroie/test/X51005230659,address,address,qwen27b-detailed-image,qwen4b-detailed-image,no 5 7 jln mahagoni 7 1 seksyen 4 bdr utama 44300 batang kali selangor,no 5 7 jln mahagoni 7 1 sekyen 4 bdr utama 44300 batang kali selangor,"NO. 5-7, Jalan Mahagoni 7/1, Seksyen 4, Bandar Utama, 44300 Batang Kali, Selangor.","No. 5-7, Jalan Mahagoni 7/1, Sekyen 4, Bandar Utama, 44300 Batang Kali, Selangor.",False,0.8666666666666667,False,False
sroie/test/X51005230659,address,address,qwen4b-detailed-both,qwen4b-detailed-image,no 5 7 sekysen 4 batang kali,no 5 7 jln mahagoni 7 1 sekyen 4 bdr utama 44300 batang kali selangor,NO. 5-7 SEKYSEN 4 BATANG KALI,"No. 5-7, Jalan Mahagoni 7/1, Sekyen 4, Bandar Utama, 44300 Batang Kali, Selangor.",False,0.4,False,False
sroie/test/X51005230659,company,org,gemma4-e4b-detailed-image,qwen27b-detailed-image,swc enterprise,swc enterprise,SWC ENTERPRISE SDN BHD,SWC ENTERPRISE SDN BHD,True,1.0,False,False
sroie/test/X51005230659,company,org,gemma4-e4b-detailed-image,qwen4b-detailed-both,swc enterprise,swc enterprise,SWC ENTERPRISE SDN BHD,SWC ENTERPRISE SDN BHD,True,1.0,False,False
sroie/test/X51005230659,company,org,gemma4-e4b-detailed-image,qwen4b-detailed-image,swc enterprise,swc enterprise,SWC ENTERPRISE SDN BHD,SWC ENTERPRISE SDN BHD,True,1.0,False,False
sroie/test/X51005230659,company,org,qwen27b-detailed-image,qwen4b-detailed-both,swc enterprise,swc enterprise,SWC ENTERPRISE SDN BHD,SWC ENTERPRISE SDN BHD,True,1.0,False,False
sroie/test/X51005230659,company,org,qwen27b-detailed-image,qwen4b-detailed-image,swc enterprise,swc enterprise,SWC ENTERPRISE SDN BHD,SWC ENTERPRISE SDN BHD,True,1.0,False,False
sroie/test/X51005230659,company,org,qwen4b-detailed-both,qwen4b-detailed-image,swc enterprise,swc enterprise,SWC ENTERPRISE SDN BHD,SWC ENTERPRISE SDN BHD,True,1.0,False,False
sroie/test/X51005230659,date,date,gemma4-e4b-detailed-image,qwen27b-detailed-image,2018-01-08,2018-01-08,08/01/2018,08/01/2018,True,1.0,False,False
sroie/test/X51005230659,date,date,gemma4-e4b-detailed-image,qwen4b-detailed-both,2018-01-08,2018-01-08,08/01/2018,08/01/2018,True,1.0,False,False
sroie/test/X51005230659,date,date,gemma4-e4b-detailed-image,qwen4b-detailed-image,2018-01-08,2018-01-08,08/01/2018,08/01/2018,True,1.0,False,False
sroie/test/X51005230659,date,date,qwen27b-detailed-image,qwen4b-detailed-both,2018-01-08,2018-01-08,08/01/2018,08/01/2018,True,1.0,False,False
sroie/test/X51005230659,date,date,qwen27b-detailed-image,qwen4b-detailed-image,2018-01-08,2018-01-08,08/01/2018,08/01/2018,True,1.0,False,False
sroie/test/X51005230659,date,date,qwen4b-detailed-both,qwen4b-detailed-image,2018-01-08,2018-01-08,08/01/2018,08/01/2018,True,1.0,False,False
sroie/test/X51005230659,total,money,gemma4-e4b-detailed-image,qwen27b-detailed-image,10.00,8.00,10.00,8.00,False,0.0,False,False
sroie/test/X51005230659,total,money,gemma4-e4b-detailed-image,qwen4b-detailed-both,10.00,8.00,10.00,8.00,False,0.0,False,False
sroie/test/X51005230659,total,money,gemma4-e4b-detailed-image,qwen4b-detailed-image,10.00,8.00,10.00,8.00,False,0.0,False,False
sroie/test/X51005230659,total,money,qwen27b-detailed-image,qwen4b-detailed-both,8.00,8.00,8.00,8.00,True,1.0,False,False
sroie/test/X51005230659,total,money,qwen27b-detailed-image,qwen4b-detailed-image,8.00,8.00,8.00,8.00,True,1.0,False,False
sroie/test/X51005230659,total,money,qwen4b-detailed-both,qwen4b-detailed-image,8.00,8.00,8.00,8.00,True,1.0,False,False
sroie/test/X51005268275,address,address,gemma4-e4b-detailed-image,qwen27b-detailed-image,no 28 jln astana 1c bdr bukit raja 41000 kelang malaysia,no 28 jln astana 1c bdr bukit raja 41050 klang selangor d e malaysia,"No. 28, JALAN ASTANA 1C, BANDAR BUKIT RAJA, 41000 KELANG, MALAYSIA","No: 28, JALAN ASTANA 1C, BANDAR BUKIT RAJA, 41050 KLANG SELANGOR D.E, MALAYSIA",False,0.5625,False,False
sroie/test/X51005268275,address,address,gemma4-e4b-detailed-image,qwen4b-detailed-both,no 28 jln astana 1c bdr bukit raja 41000 kelang malaysia,no 28 jln astana 1c bdr bukit raja 41050 klang selangor d e malaysia,"No. 28, JALAN ASTANA 1C, BANDAR BUKIT RAJA, 41000 KELANG, MALAYSIA","NO: 28, JALAN ASTANA 1C, BANDAR BUKIT RAJA, 41050 KLANG SELANGOR D. E, MALAYSIA",False,0.5625,False,False
sroie/test/X51005268275,address,address,gemma4-e4b-detailed-image,qwen4b-detailed-image,no 28 jln astana 1c bdr bukit raja 41000 kelang malaysia,no 28 jln astana 1c bdr bukit raja 41050 klang selangor d e malaysia,"No. 28, JALAN ASTANA 1C, BANDAR BUKIT RAJA, 41000 KELANG, MALAYSIA","No: 28, JALAN ASTANA 1C, BANDAR BUKIT RAJA, 41050 KLANG SELANGOR D.E, MALAYSIA",False,0.5625,False,False
sroie/test/X51005268275,address,address,qwen27b-detailed-image,qwen4b-detailed-both,no 28 jln astana 1c bdr bukit raja 41050 klang selangor d e malaysia,no 28 jln astana 1c bdr bukit raja 41050 klang selangor d e malaysia,"No: 28, JALAN ASTANA 1C, BANDAR BUKIT RAJA, 41050 KLANG SELANGOR D.E, MALAYSIA","NO: 28, JALAN ASTANA 1C, BANDAR BUKIT RAJA, 41050 KLANG SELANGOR D. E, MALAYSIA",True,1.0,False,False
sroie/test/X51005268275,address,address,qwen27b-detailed-image,qwen4b-detailed-image,no 28 jln astana 1c bdr bukit raja 41050 klang selangor d e malaysia,no 28 jln astana 1c bdr bukit raja 41050 klang selangor d e malaysia,"No: 28, JALAN ASTANA 1C, BANDAR BUKIT RAJA, 41050 KLANG SELANGOR D.E, MALAYSIA","No: 28, JALAN ASTANA 1C, BANDAR BUKIT RAJA, 41050 KLANG SELANGOR D.E, MALAYSIA",True,1.0,False,False
sroie/test/X51005268275,address,address,qwen4b-detailed-both,qwen4b-detailed-image,no 28 jln astana 1c bdr bukit raja 41050 klang selangor d e malaysia,no 28 jln astana 1c bdr bukit raja 41050 klang selangor d e malaysia,"NO: 28, JALAN ASTANA 1C, BANDAR BUKIT RAJA, 41050 KLANG SELANGOR D. E, MALAYSIA","No: 28, JALAN ASTANA 1C, BANDAR BUKIT RAJA, 41050 KLANG SELANGOR D.E, MALAYSIA",True,1.0,False,False
sroie/test/X51005268275,company,org,gemma4-e4b-detailed-image,qwen27b-detailed-image,lightroom gallery,lightroom gallery,LIGHTROOM GALLERY SDN BHD,LIGHTROOM GALLERY SDN BHD,True,1.0,False,False
sroie/test/X51005268275,company,org,gemma4-e4b-detailed-image,qwen4b-detailed-both,lightroom gallery,lightroom gallery,LIGHTROOM GALLERY SDN BHD,LIGHTROOM GALLERY SDN BHD,True,1.0,False,False
sroie/test/X51005268275,company,org,gemma4-e4b-detailed-image,qwen4b-detailed-image,lightroom gallery,lightroom gallery,LIGHTROOM GALLERY SDN BHD,LIGHTROOM GALLERY SDN BHD,True,1.0,False,False
sroie/test/X51005268275,company,org,qwen27b-detailed-image,qwen4b-detailed-both,lightroom gallery,lightroom gallery,LIGHTROOM GALLERY SDN BHD,LIGHTROOM GALLERY SDN BHD,True,1.0,False,False
sroie/test/X51005268275,company,org,qwen27b-detailed-image,qwen4b-detailed-image,lightroom gallery,lightroom gallery,LIGHTROOM GALLERY SDN BHD,LIGHTROOM GALLERY SDN BHD,True,1.0,False,False
sroie/test/X51005268275,company,org,qwen4b-detailed-both,qwen4b-detailed-image,lightroom gallery,lightroom gallery,LIGHTROOM GALLERY SDN BHD,LIGHTROOM GALLERY SDN BHD,True,1.0,False,False
sroie/test/X51005268275,date,date,gemma4-e4b-detailed-image,qwen27b-detailed-image,2017-11-20,2017-11-20,20/11/2017,20/11/2017,True,1.0,False,False
sroie/test/X51005268275,date,date,gemma4-e4b-detailed-image,qwen4b-detailed-both,2017-11-20,2017-11-20,20/11/2017,20/11/2017,True,1.0,False,False
sroie/test/X51005268275,date,date,gemma4-e4b-detailed-image,qwen4b-detailed-image,2017-11-20,2017-11-20,20/11/2017,20/11/2017,True,1.0,False,False
sroie/test/X51005268275,date,date,qwen27b-detailed-image,qwen4b-detailed-both,2017-11-20,2017-11-20,20/11/2017,20/11/2017,True,1.0,False,False
sroie/test/X51005268275,date,date,qwen27b-detailed-image,qwen4b-detailed-image,2017-11-20,2017-11-20,20/11/2017,20/11/2017,True,1.0,False,False
sroie/test/X51005268275,date,date,qwen4b-detailed-both,qwen4b-detailed-image,2017-11-20,2017-11-20,20/11/2017,20/11/2017,True,1.0,False,False
sroie/test/X51005268275,total,money,gemma4-e4b-detailed-image,qwen27b-detailed-image,278.80,278.80,278.80,278.80,True,1.0,False,False
sroie/test/X51005268275,total,money,gemma4-e4b-detailed-image,qwen4b-detailed-both,278.80,278.80,278.80,278.80,True,1.0,False,False
sroie/test/X51005268275,total,money,gemma4-e4b-detailed-image,qwen4b-detailed-image,278.80,278.80,278.80,278.80,True,1.0,False,False
sroie/test/X51005268275,total,money,qwen27b-detailed-image,qwen4b-detailed-both,278.80,278.80,278.80,278.80,True,1.0,False,False
sroie/test/X51005268275,total,money,qwen27b-detailed-image,qwen4b-detailed-image,278.80,278.80,278.80,278.80,True,1.0,False,False
sroie/test/X51005268275,total,money,qwen4b-detailed-both,qwen4b-detailed-image,278.80,278.80,278.80,278.80,True,1.0,False,False
sroie/test/X51005268408,address,address,gemma4-e4b-detailed-image,qwen27b-detailed-image,lot p t 2811 jln angsa tmn berkeley 4110 kelang selangor,lot p t 2811 jln angsa tmn berkeley 41150 klang selangor 1413 setia alam 2,"LOT P.T. 2811, JALAN ANGSA, TAMAN BERKELEY, 4110 KELANG, SELANGOR","LOT P.T. 2811, JALAN ANGSA, TAMAN BERKELEY 41150 KLANG, SELANGOR 1413-SETIA ALAM 2",False,0.5294117647058824,False,False
sroie/test/X51005268408,address,address,gemma4-e4b-detailed-image,qwen4b-detailed-both,lot p t 2811 jln angsa tmn berkeley 4110 kelang selangor,lot p t 2811 tmn berkeley 41150 klang selangor 1413 setia alam 2,"LOT P.T. 2811, JALAN ANGSA, TAMAN BERKELEY, 4110 KELANG, SELANGOR","LOT P.T. 2811, TAMAN BERKELEY 41150 KLANG, SELANGOR 1413-SETIA ALAM 2",False,0.4117647058823529,False,False
sroie/test/X51005268408,address,address,gemma4-e4b-detailed-image,qwen4b-detailed-image,lot p t 2811 jln angsa tmn berkeley 4110 kelang selangor,lot p t 2811 jln angsa tmn berkeley 41150 klang selangor 1413 setia alam 2,"LOT P.T. 2811, JALAN ANGSA, TAMAN BERKELEY, 4110 KELANG, SELANGOR","LOT P.T. 2811, JALAN ANGSA, TAMAN BERKELEY 41150 KLANG, SELANGOR 1413-SETIA ALAM 2",False,0.5294117647058824,False,False
sroie/test/X51005268408,address,address,qwen27b-detailed-image,qwen4b-detailed-both,lot p t 2811 jln angsa tmn berkeley 41150 klang selangor 1413 setia alam 2,lot p t 2811 tmn berkeley 41150 klang selangor 1413 setia alam 2,"LOT P.T. 2811, JALAN ANGSA, TAMAN BERKELEY 41150 KLANG, SELANGOR 1413-SETIA ALAM 2","LOT P.T. 2811, TAMAN BERKELEY 41150 KLANG, SELANGOR 1413-SETIA ALAM 2",False,0.8666666666666667,False,False
sroie/test/X51005268408,address,address,qwen27b-detailed-image,qwen4b-detailed-image,lot p t 2811 jln angsa tmn berkeley 41150 klang selangor 1413 setia alam 2,lot p t 2811 jln angsa tmn berkeley 41150 klang selangor 1413 setia alam 2,"LOT P.T. 2811, JALAN ANGSA, TAMAN BERKELEY 41150 KLANG, SELANGOR 1413-SETIA ALAM 2","LOT P.T. 2811, JALAN ANGSA, TAMAN BERKELEY 41150 KLANG, SELANGOR 1413-SETIA ALAM 2",True,1.0,False,False
sroie/test/X51005268408,address,address,qwen4b-detailed-both,qwen4b-detailed-image,lot p t 2811 tmn berkeley 41150 klang selangor 1413 setia alam 2,lot p t 2811 jln angsa tmn berkeley 41150 klang selangor 1413 setia alam 2,"LOT P.T. 2811, TAMAN BERKELEY 41150 KLANG, SELANGOR 1413-SETIA ALAM 2","LOT P.T. 2811, JALAN ANGSA, TAMAN BERKELEY 41150 KLANG, SELANGOR 1413-SETIA ALAM 2",False,0.8666666666666667,False,False
sroie/test/X51005268408,company,org,gemma4-e4b-detailed-image,qwen27b-detailed-image,99 speed mart s b s19537 x,99 speed mart s b 519537 x,99 SPEED MART S/B (S19537-X),99 SPEED MART S/B (519537-X),False,0.75,False,False
sroie/test/X51005268408,company,org,gemma4-e4b-detailed-image,qwen4b-detailed-both,99 speed mart s b s19537 x,99 speed mart s b s19537 x,99 SPEED MART S/B (S19537-X),99 SPEED MART S/B (S19537-X),True,1.0,False,False
sroie/test/X51005268408,company,org,gemma4-e4b-detailed-image,qwen4b-detailed-image,99 speed mart s b s19537 x,99 speed mart s b 519537 x,99 SPEED MART S/B (S19537-X),99 SPEED MART S/B (519537-X),False,0.75,False,False
sroie/test/X51005268408,company,org,qwen27b-detailed-image,qwen4b-detailed-both,99 speed mart s b 519537 x,99 speed mart s b s19537 x,99 SPEED MART S/B (519537-X),99 SPEED MART S/B (S19537-X),False,0.75,False,False
sroie/test/X51005268408,company,org,qwen27b-detailed-image,qwen4b-detailed-image,99 speed mart s b 519537 x,99 speed mart s b 519537 x,99 SPEED MART S/B (519537-X),99 SPEED MART S/B (519537-X),True,1.0,False,False
sroie/test/X51005268408,company,org,qwen4b-detailed-both,qwen4b-detailed-image,99 speed mart s b s19537 x,99 speed mart s b 519537 x,99 SPEED MART S/B (S19537-X),99 SPEED MART S/B (519537-X),False,0.75,False,False
sroie/test/X51005268408,date,date,gemma4-e4b-detailed-image,qwen27b-detailed-image,2017-11-20,2017-11-20,20-11-17,20-11-17,True,1.0,False,False
sroie/test/X51005268408,date,date,gemma4-e4b-detailed-image,qwen4b-detailed-both,2017-11-20,2017-11-20,20-11-17,20-11-17,True,1.0,False,False
sroie/test/X51005268408,date,date,gemma4-e4b-detailed-image,qwen4b-detailed-image,2017-11-20,2017-11-20,20-11-17,20-11-17,True,1.0,False,False
sroie/test/X51005268408,date,date,qwen27b-detailed-image,qwen4b-detailed-both,2017-11-20,2017-11-20,20-11-17,20-11-17,True,1.0,False,False
sroie/test/X51005268408,date,date,qwen27b-detailed-image,qwen4b-detailed-image,2017-11-20,2017-11-20,20-11-17,20-11-17,True,1.0,False,False
sroie/test/X51005268408,date,date,qwen4b-detailed-both,qwen4b-detailed-image,2017-11-20,2017-11-20,20-11-17,20-11-17,True,1.0,False,False
sroie/test/X51005268408,total,money,gemma4-e4b-detailed-image,qwen27b-detailed-image,160.17,169.80,160.17,169.80,False,0.0,False,False
sroie/test/X51005268408,total,money,gemma4-e4b-detailed-image,qwen4b-detailed-both,160.17,169.80,160.17,169.80,False,0.0,False,False
sroie/test/X51005268408,total,money,gemma4-e4b-detailed-image,qwen4b-detailed-image,160.17,169.80,160.17,169.80,False,0.0,False,False
sroie/test/X51005268408,total,money,qwen27b-detailed-image,qwen4b-detailed-both,169.80,169.80,169.80,169.80,True,1.0,False,False
sroie/test/X51005268408,total,money,qwen27b-detailed-image,qwen4b-detailed-image,169.80,169.80,169.80,169.80,True,1.0,False,False
sroie/test/X51005268408,total,money,qwen4b-detailed-both,qwen4b-detailed-image,169.80,169.80,169.80,169.80,True,1.0,False,False
sroie/test/X51005288570,address,address,gemma4-e4b-detailed-image,qwen27b-detailed-image,riverwalk village batu jln ipoh 51200 kl,riverwalk village batu 3 jln ipoh 51200 kl,"Riverwalk Village Batu, Jalan Ipoh 51200 KL","Riverwalk Village Batu 3, Jalan Ipoh 51200 KL.",False,0.875,False,False
sroie/test/X51005288570,address,address,gemma4-e4b-detailed-image,qwen4b-detailed-both,riverwalk village batu jln ipoh 51200 kl,riverwalk village batu 3 jln ipoh 51200 kl,"Riverwalk Village Batu, Jalan Ipoh 51200 KL","Riverwalk Village Batu 3, Jalan Ipoh 51200 KL.",False,0.875,False,False
sroie/test/X51005288570,address,address,gemma4-e4b-detailed-image,qwen4b-detailed-image,riverwalk village batu jln ipoh 51200 kl,riverwalk village batu 3 jln ipoh 51200 kl,"Riverwalk Village Batu, Jalan Ipoh 51200 KL","Riverwalk Village Batu 3, Jalan Ipoh 51200 KL.",False,0.875,False,False
sroie/test/X51005288570,address,address,qwen27b-detailed-image,qwen4b-detailed-both,riverwalk village batu 3 jln ipoh 51200 kl,riverwalk village batu 3 jln ipoh 51200 kl,"Riverwalk Village Batu 3, Jalan Ipoh 51200 KL.","Riverwalk Village Batu 3, Jalan Ipoh 51200 KL.",True,1.0,False,False
sroie/test/X51005288570,address,address,qwen27b-detailed-image,qwen4b-detailed-image,riverwalk village batu 3 jln ipoh 51200 kl,riverwalk village batu 3 jln ipoh 51200 kl,"Riverwalk Village Batu 3, Jalan Ipoh 51200 KL.","Riverwalk Village Batu 3, Jalan Ipoh 51200 KL.",True,1.0,False,False
sroie/test/X51005288570,address,address,qwen4b-detailed-both,qwen4b-detailed-image,riverwalk village batu 3 jln ipoh 51200 kl,riverwalk village batu 3 jln ipoh 51200 kl,"Riverwalk Village Batu 3, Jalan Ipoh 51200 KL.","Riverwalk Village Batu 3, Jalan Ipoh 51200 KL.",True,1.0,False,False
sroie/test/X51005288570,company,org,gemma4-e4b-detailed-image,qwen27b-detailed-image,secure parking corporation s b,secure parking corporation s b,SECURE PARKING CORPORATION S/B,SECURE PARKING CORPORATION S/B,True,1.0,False,False
sroie/test/X51005288570,company,org,gemma4-e4b-detailed-image,qwen4b-detailed-both,secure parking corporation s b,secure parking corporation s b,SECURE PARKING CORPORATION S/B,SECURE PARKING CORPORATION S/B,True,1.0,False,False
sroie/test/X51005288570,company,org,gemma4-e4b-detailed-image,qwen4b-detailed-image,secure parking corporation s b,secure parking corporation s b,SECURE PARKING CORPORATION S/B,SECURE PARKING CORPORATION S/B,True,1.0,False,False
sroie/test/X51005288570,company,org,qwen27b-detailed-image,qwen4b-detailed-both,secure parking corporation s b,secure parking corporation s b,SECURE PARKING CORPORATION S/B,SECURE PARKING CORPORATION S/B,True,1.0,False,False
sroie/test/X51005288570,company,org,qwen27b-detailed-image,qwen4b-detailed-image,secure parking corporation s b,secure parking corporation s b,SECURE PARKING CORPORATION S/B,SECURE PARKING CORPORATION S/B,True,1.0,False,False
sroie/test/X51005288570,company,org,qwen4b-detailed-both,qwen4b-detailed-image,secure parking corporation s b,secure parking corporation s b,SECURE PARKING CORPORATION S/B,SECURE PARKING CORPORATION S/B,True,1.0,False,False
sroie/test/X51005288570,date,date,gemma4-e4b-detailed-image,qwen27b-detailed-image,2018-03-23,2018-03-23,23.03.18,23.03.18,True,1.0,False,False
sroie/test/X51005288570,date,date,gemma4-e4b-detailed-image,qwen4b-detailed-both,2018-03-23,2018-03-23,23.03.18,23.03.18,True,1.0,False,False
sroie/test/X51005288570,date,date,gemma4-e4b-detailed-image,qwen4b-detailed-image,2018-03-23,2018-03-23,23.03.18,23.03.18,True,1.0,False,False
sroie/test/X51005288570,date,date,qwen27b-detailed-image,qwen4b-detailed-both,2018-03-23,2018-03-23,23.03.18,23.03.18,True,1.0,False,False
sroie/test/X51005288570,date,date,qwen27b-detailed-image,qwen4b-detailed-image,2018-03-23,2018-03-23,23.03.18,23.03.18,True,1.0,False,False
sroie/test/X51005288570,date,date,qwen4b-detailed-both,qwen4b-detailed-image,2018-03-23,2018-03-23,23.03.18,23.03.18,True,1.0,False,False
sroie/test/X51005288570,total,money,gemma4-e4b-detailed-image,qwen27b-detailed-image,1.00,1.00,1.00,1.00,True,1.0,False,False
sroie/test/X51005288570,total,money,gemma4-e4b-detailed-image,qwen4b-detailed-both,1.00,1.00,1.00,1.00,True,1.0,False,False
sroie/test/X51005288570,total,money,gemma4-e4b-detailed-image,qwen4b-detailed-image,1.00,1.00,1.00,1.00,True,1.0,False,False
sroie/test/X51005288570,total,money,qwen27b-detailed-image,qwen4b-detailed-both,1.00,1.00,1.00,1.00,True,1.0,False,False
sroie/test/X51005288570,total,money,qwen27b-detailed-image,qwen4b-detailed-image,1.00,1.00,1.00,1.00,True,1.0,False,False
sroie/test/X51005288570,total,money,qwen4b-detailed-both,qwen4b-detailed-image,1.00,1.00,1.00,1.00,True,1.0,False,False
