doc_id,field,field_type,config_id,value_raw,value_norm,is_null,evidence,gold_raw,dataset,split,gold_norm,gold_populated,pred_populated,correct,jaccard_gold,correct_jaccard,error_kind,correct_judge
sroie/test/X00016469670,address,address,gemma4-e4b-detailed-image,"NO 2 4, JALAN BAYU, BANDAR SERI, 81750 JOHOR",no 2 4 jln bayu bdr seri 81750 johor,False,,"NO 2 & 4, JALAN BAYU 4, BANDAR SERI ALAM, B1750 MASAI, JOHOR",sroie,test,no 2 and 4 jln bayu 4 bdr seri alam b1750 masai johor,True,True,False,0.6153846153846154,False,wrong_value,False
sroie/test/X00016469670,address,address,qwen27b-detailed-image,"NO 2 & 4, JALAN BAYU 4, BANDAR SERI ALAM, 81750 MASAI, JOHOR",no 2 and 4 jln bayu 4 bdr seri alam 81750 masai johor,False,,"NO 2 & 4, JALAN BAYU 4, BANDAR SERI ALAM, B1750 MASAI, JOHOR",sroie,test,no 2 and 4 jln bayu 4 bdr seri alam b1750 masai johor,True,True,False,0.8461538461538461,True,wrong_value,False
sroie/test/X00016469670,address,address,qwen4b-detailed-both,"NO 2 & 4, BANDAR SERI ALAM, 81750 MASAI, JOHOR",no 2 and 4 bdr seri alam 81750 masai johor,False,,"NO 2 & 4, JALAN BAYU 4, BANDAR SERI ALAM, B1750 MASAI, JOHOR",sroie,test,no 2 and 4 jln bayu 4 bdr seri alam b1750 masai johor,True,True,False,0.6923076923076923,False,wrong_value,False
sroie/test/X00016469670,address,address,qwen4b-detailed-image,"NO 2 & 4, JALAN BAYU 4, BANDAR SERI ALAM, 81750 MASAI, JOHOR",no 2 and 4 jln bayu 4 bdr seri alam 81750 masai johor,False,,"NO 2 & 4, JALAN BAYU 4, BANDAR SERI ALAM, B1750 MASAI, JOHOR",sroie,test,no 2 and 4 jln bayu 4 bdr seri alam b1750 masai johor,True,True,False,0.8461538461538461,True,wrong_value,False
sroie/test/X00016469670,company,org,gemma4-e4b-detailed-image,OJC MARKETING SDN BHD,ojc marketing,False,,OJC MARKETING SDN BHD,sroie,test,ojc marketing,True,True,True,1.0,True,none,True
sroie/test/X00016469670,company,org,qwen27b-detailed-image,OJC MARKETING SDN BHD,ojc marketing,False,,OJC MARKETING SDN BHD,sroie,test,ojc marketing,True,True,True,1.0,True,none,True
sroie/test/X00016469670,company,org,qwen4b-detailed-both,OJC MARKETING SDN BHD,ojc marketing,False,,OJC MARKETING SDN BHD,sroie,test,ojc marketing,True,True,True,1.0,True,none,True
sroie/test/X00016469670,company,org,qwen4b-detailed-image,OJC MARKETING SDN BHD,ojc marketing,False,,OJC MARKETING SDN BHD,sroie,test,ojc marketing,True,True,True,1.0,True,none,True
sroie/test/X00016469670,date,date,gemma4-e4b-detailed-image,15/01/2019,2019-01-15,False,,15/01/2019,sroie,test,2019-01-15,True,True,True,1.0,True,none,True
sroie/test/X00016469670,date,date,qwen27b-detailed-image,15/01/2019,2019-01-15,False,,15/01/2019,sroie,test,2019-01-15,True,True,True,1.0,True,none,True
sroie/test/X00016469670,date,date,qwen4b-detailed-both,15/01/2019 11:05:16 AM,2019-01-15,False,,15/01/2019,sroie,test,2019-01-15,True,True,True,1.0,True,none,True
sroie/test/X00016469670,date,date,qwen4b-detailed-image,15/01/2019 11:05:16 AM,2019-01-15,False,,15/01/2019,sroie,test,2019-01-15,True,True,True,1.0,True,none,True
sroie/test/X00016469670,total,money,gemma4-e4b-detailed-image,193.00,193.00,False,,193.00,sroie,test,193.00,True,True,True,1.0,True,none,True
sroie/test/X00016469670,total,money,qwen27b-detailed-image,193.00,193.00,False,,193.00,sroie,test,193.00,True,True,True,1.0,True,none,True
sroie/test/X00016469670,total,money,qwen4b-detailed-both,193.00,193.00,False,,193.00,sroie,test,193.00,True,True,True,1.0,True,none,True
sroie/test/X00016469670,total,money,qwen4b-detailed-image,193.00,193.00,False,,193.00,sroie,test,193.00,True,True,True,1.0,True,none,True
sroie/test/X00016469671,address,address,gemma4-e4b-detailed-image,"NO 2 & 4, JALAN BANYU, 81750 MASAI, JOHOR",no 2 and 4 jln banyu 81750 masai johor,False,,"NO 2 & 4, JALAN BAYU 4, BANDAR SERI ALAM, 81750 MASAI, JOHOR",sroie,test,no 2 and 4 jln bayu 4 bdr seri alam 81750 masai johor,True,True,False,0.6153846153846154,False,wrong_value,False
sroie/test/X00016469671,address,address,qwen27b-detailed-image,"NO 2 & 4, JALAN BAYU 4, BANDAR SERI ALAM, 81750 MASAI, JOHOR",no 2 and 4 jln bayu 4 bdr seri alam 81750 masai johor,False,,"NO 2 & 4, JALAN BAYU 4, BANDAR SERI ALAM, 81750 MASAI, JOHOR",sroie,test,no 2 and 4 jln bayu 4 bdr seri alam 81750 masai johor,True,True,True,1.0,True,none,True
sroie/test/X00016469671,address,address,qwen4b-detailed-both,"NO 2 & 4, JALAN BAYU 4, BANDAR SERI ALAM, 81750 MASAI, JOHOR",no 2 and 4 jln bayu 4 bdr seri alam 81750 masai johor,False,,"NO 2 & 4, JALAN BAYU 4, BANDAR SERI ALAM, 81750 MASAI, JOHOR",sroie,test,no 2 and 4 jln bayu 4 bdr seri alam 81750 masai johor,True,True,True,1.0,True,none,True
sroie/test/X00016469671,address,address,qwen4b-detailed-image,"NO 2 & 4, JALAN BAYU 4, BANDAR SERI ALAM, 81750 MASAI, JOHOR",no 2 and 4 jln bayu 4 bdr seri alam 81750 masai johor,False,,"NO 2 & 4, JALAN BAYU 4, BANDAR SERI ALAM, 81750 MASAI, JOHOR",sroie,test,no 2 and 4 jln bayu 4 bdr seri alam 81750 masai johor,True,True,True,1.0,True,none,True
sroie/test/X00016469671,company,org,gemma4-e4b-detailed-image,tan chay yee,tan chay yee,False,,OJC MARKETING SDN BHD,sroie,test,ojc marketing,True,True,False,0.0,False,wrong_value,False
sroie/test/X00016469671,company,org,qwen27b-detailed-image,OJC MARKETING SDN BHD,ojc marketing,False,,OJC MARKETING SDN BHD,sroie,test,ojc marketing,True,True,True,1.0,True,none,True
sroie/test/X00016469671,company,org,qwen4b-detailed-both,tan chay yee,tan chay yee,False,,OJC MARKETING SDN BHD,sroie,test,ojc marketing,True,True,False,0.0,False,wrong_value,False
sroie/test/X00016469671,company,org,qwen4b-detailed-image,OJC MARKETING SDN BHD,ojc marketing,False,,OJC MARKETING SDN BHD,sroie,test,ojc marketing,True,True,True,1.0,True,none,True
sroie/test/X00016469671,date,date,gemma4-e4b-detailed-image,02/01/2019,2019-01-02,False,,02/01/2019,sroie,test,2019-01-02,True,True,True,1.0,True,none,True
sroie/test/X00016469671,date,date,qwen27b-detailed-image,02/01/2019,2019-01-02,False,,02/01/2019,sroie,test,2019-01-02,True,True,True,1.0,True,none,True
sroie/test/X00016469671,date,date,qwen4b-detailed-both,02/01/2019 2:47:14 PM,2019-01-02,False,,02/01/2019,sroie,test,2019-01-02,True,True,True,1.0,True,none,True
sroie/test/X00016469671,date,date,qwen4b-detailed-image,02/01/2019,2019-01-02,False,,02/01/2019,sroie,test,2019-01-02,True,True,True,1.0,True,none,True
sroie/test/X00016469671,total,money,gemma4-e4b-detailed-image,170.00,170.00,False,,170.00,sroie,test,170.00,True,True,True,1.0,True,none,True
sroie/test/X00016469671,total,money,qwen27b-detailed-image,170.00,170.00,False,,170.00,sroie,test,170.00,True,True,True,1.0,True,none,True
sroie/test/X00016469671,total,money,qwen4b-detailed-both,170.00,170.00,False,,170.00,sroie,test,170.00,True,True,True,1.0,True,none,True
sroie/test/X00016469671,total,money,qwen4b-detailed-image,170.00,170.00,False,,170.00,sroie,test,170.00,True,True,True,1.0,True,none,True
sroie/test/X51005200931,address,address,gemma4-e4b-detailed-image,"NO. 39, JALAN PERMA, 51700 JOHOR BAHRU",no 39 jln perma 51700 johor bahru,False,,NO.59 JALAN PERMAS 9/5 BANDAR BARU PERMAS JAYA 81750 JOHOR BAHRU,sroie,test,no 59 jln permas 9 5 bdr baru permas jaya 81750 johor bahru,True,True,False,0.26666666666666666,False,wrong_value,False
sroie/test/X51005200931,address,address,qwen27b-detailed-image,NO.59 JALAN PERMAS 9/5 BANDAR BARU PERMAS JAYA 81750 JOHOR BAHRU,no 59 jln permas 9 5 bdr baru permas jaya 81750 johor bahru,False,,NO.59 JALAN PERMAS 9/5 BANDAR BARU PERMAS JAYA 81750 JOHOR BAHRU,sroie,test,no 59 jln permas 9 5 bdr baru permas jaya 81750 johor bahru,True,True,True,1.0,True,none,True
sroie/test/X51005200931,address,address,qwen4b-detailed-both,NO.59 JALAN PERMAS 9/5 BANDAR BARU PERMAS JAYA 81750 JOHOR BAHRU,no 59 jln permas 9 5 bdr baru permas jaya 81750 johor bahru,False,,NO.59 JALAN PERMAS 9/5 BANDAR BARU PERMAS JAYA 81750 JOHOR BAHRU,sroie,test,no 59 jln permas 9 5 bdr baru permas jaya 81750 johor bahru,True,True,True,1.0,True,none,True
sroie/test/X51005200931,address,address,qwen4b-detailed-image,NO.59 JALAN PERMAS 9/5 BANDAR BARU PERMAS JAYA 81750 JOHOR BAHRU,no 59 jln permas 9 5 bdr baru permas jaya 81750 johor bahru,False,,NO.59 JALAN PERMAS 9/5 BANDAR BARU PERMAS JAYA 81750 JOHOR BAHRU,sroie,test,no 59 jln permas 9 5 bdr baru permas jaya 81750 johor bahru,True,True,True,1.0,True,none,True
sroie/test/X51005200931,company,org,gemma4-e4b-detailed-image,PERNIAGAAN ZHENG HUI,perniagaan zheng hui,False,,PERNIAGAAN ZHENG HUI,sroie,test,perniagaan zheng hui,True,True,True,1.0,True,none,True
sroie/test/X51005200931,company,org,qwen27b-detailed-image,PERNIAGAAN ZHENG HUI,perniagaan zheng hui,False,,PERNIAGAAN ZHENG HUI,sroie,test,perniagaan zheng hui,True,True,True,1.0,True,none,True
sroie/test/X51005200931,company,org,qwen4b-detailed-both,PERNIAGAAN ZHENG HUI,perniagaan zheng hui,False,,PERNIAGAAN ZHENG HUI,sroie,test,perniagaan zheng hui,True,True,True,1.0,True,none,True
sroie/test/X51005200931,company,org,qwen4b-detailed-image,PERNIAGAAN ZHENG HUI,perniagaan zheng hui,False,,PERNIAGAAN ZHENG HUI,sroie,test,perniagaan zheng hui,True,True,True,1.0,True,none,True
sroie/test/X51005200931,date,date,gemma4-e4b-detailed-image,09/02/2018,2018-02-09,False,,09/02/2018,sroie,test,2018-02-09,True,True,True,1.0,True,none,True
sroie/test/X51005200931,date,date,qwen27b-detailed-image,09/02/2018,2018-02-09,False,,09/02/2018,sroie,test,2018-02-09,True,True,True,1.0,True,none,True
sroie/test/X51005200931,date,date,qwen4b-detailed-both,09/02/2018,2018-02-09,False,,09/02/2018,sroie,test,2018-02-09,True,True,True,1.0,True,none,True
sroie/test/X51005200931,date,date,qwen4b-detailed-image,09/02/2018,2018-02-09,False,,09/02/2018,sroie,test,2018-02-09,True,True,True,1.0,True,none,True
sroie/test/X51005200931,total,money,gemma4-e4b-detailed-image,436.20,436.20,False,,436.20,sroie,test,436.20,True,True,True,1.0,True,none,True
sroie/test/X51005200931,total,money,qwen27b-detailed-image,436.20,436.20,False,,436.20,sroie,test,436.20,True,True,True,1.0,True,none,True
sroie/test/X51005200931,total,money,qwen4b-detailed-both,436.20,436.20,False,,436.20,sroie,test,436.20,True,True,True,1.0,True,none,True
sroie/test/X51005200931,total,money,qwen4b-detailed-image,438.20,438.20,False,,436.20,sroie,test,436.20,True,True,False,0.0,False,wrong_value,False
sroie/test/X51005230605,address,address,gemma4-e4b-detailed-image,"KM 458.4 BKT LANJAN, L/RAYA UTARA, SG BULOH 47000",km 458 4 bkt lanjan l raya utara sg buloh 47000,False,,"KM 458.4 BKT LANJAN UTARA, L/RAYA UTARA SELATAN,SG BULOH 47000 SUNGAI BUL",sroie,test,km 458 4 bkt lanjan utara l raya utara selatan sg buloh 47000 sungai bul,True,True,False,0.7857142857142857,False,wrong_value,False
sroie/test/X51005230605,address,address,qwen27b-detailed-image,"KM 458.4 BKT LANJAN UTARA, L/RAYA UTARA SELATAN,SG BULOH 47000 SUNGAI BUL",km 458 4 bkt lanjan utara l raya utara selatan sg buloh 47000 sungai bul,False,,"KM 458.4 BKT LANJAN UTARA, L/RAYA UTARA SELATAN,SG BULOH 47000 SUNGAI BUL",sroie,test,km 458 4 bkt lanjan utara l raya utara selatan sg buloh 47000 sungai bul,True,True,True,1.0,True,none,True
sroie/test/X51005230605,address,address,qwen4b-detailed-both,"KM 458.4 BKT LANJAN UTARA, L/RAYA UTARA SELATAN, SG BULOH 47000 SUNGAI BUL",km 458 4 bkt lanjan utara l raya utara selatan sg buloh 47000 sungai bul,False,,"KM 458.4 BKT LANJAN UTARA, L/RAYA UTARA SELATAN,SG BULOH 47000 SUNGAI BUL",sroie,test,km 458 4 bkt lanjan utara l raya utara selatan sg buloh 47000 sungai bul,True,True,True,1.0,True,none,True
sroie/test/X51005230605,address,address,qwen4b-detailed-image,"KM 458.4 BKT LANJAN UTARA, L/RAYA UTARA SELATAN,SG BULOH 47000 SUNGAI BUL",km 458 4 bkt lanjan utara l raya utara selatan sg buloh 47000 sungai bul,False,,"KM 458.4 BKT LANJAN UTARA, L/RAYA UTARA SELATAN,SG BULOH 47000 SUNGAI BUL",sroie,test,km 458 4 bkt lanjan utara l raya utara selatan sg buloh 47000 sungai bul,True,True,True,1.0,True,none,True
sroie/test/X51005230605,company,org,gemma4-e4b-detailed-image,PETRON BKT LANJAN SB,petron bkt lanjan sb,False,,PETRON BKT LANJAN SB,sroie,test,petron bkt lanjan sb,True,True,True,1.0,True,none,True
sroie/test/X51005230605,company,org,qwen27b-detailed-image,PETRON BKT LANJAN SB,petron bkt lanjan sb,False,,PETRON BKT LANJAN SB,sroie,test,petron bkt lanjan sb,True,True,True,1.0,True,none,True
sroie/test/X51005230605,company,org,qwen4b-detailed-both,PETRON BKT LANJAN SB,petron bkt lanjan sb,False,,PETRON BKT LANJAN SB,sroie,test,petron bkt lanjan sb,True,True,True,1.0,True,none,True
sroie/test/X51005230605,company,org,qwen4b-detailed-image,PETRON BKT LANJAN SB ALSERKAM ENTERPRISE,petron bkt lanjan sb alserkam enterprise,False,,PETRON BKT LANJAN SB,sroie,test,petron bkt lanjan sb,True,True,False,0.6666666666666666,False,wrong_value,False
sroie/test/X51005230605,date,date,gemma4-e4b-detailed-image,01/02/2018,2018-02-01,False,,01/02/2018,sroie,test,2018-02-01,True,True,True,1.0,True,none,True
sroie/test/X51005230605,date,date,qwen27b-detailed-image,01/02/2018,2018-02-01,False,,01/02/2018,sroie,test,2018-02-01,True,True,True,1.0,True,none,True
sroie/test/X51005230605,date,date,qwen4b-detailed-both,01/02/2018,2018-02-01,False,,01/02/2018,sroie,test,2018-02-01,True,True,True,1.0,True,none,True
sroie/test/X51005230605,date,date,qwen4b-detailed-image,01/02/2018,2018-02-01,False,,01/02/2018,sroie,test,2018-02-01,True,True,True,1.0,True,none,True
sroie/test/X51005230605,total,money,gemma4-e4b-detailed-image,4.90,4.90,False,,4.90,sroie,test,4.90,True,True,True,1.0,True,none,True
sroie/test/X51005230605,total,money,qwen27b-detailed-image,4.90,4.90,False,,4.90,sroie,test,4.90,True,True,True,1.0,True,none,True
sroie/test/X51005230605,total,money,qwen4b-detailed-both,4.90,4.90,False,,4.90,sroie,test,4.90,True,True,True,1.0,True,none,True
sroie/test/X51005230605,total,money,qwen4b-detailed-image,4.90,4.90,False,,4.90,sroie,test,4.90,True,True,True,1.0,True,none,True
sroie/test/X51005230616,address,address,gemma4-e4b-detailed-image,"Level 6, Bangunan TH, Damansara Uptown, No.3, Jalan SS21/49, Petaling Jaya",level 6 bangunan th damansara uptown no 3 jln ss21 49 petaling jaya,False,,"LEVEL 6, BANGUNAN TH, DAMANSARA UPTOWN3 NO.3, JALAN SS21/39,47400 PETALING JAYA SELANGOR",sroie,test,level 6 bangunan th damansara uptown3 no 3 jln ss21 39 47400 petaling jaya selangor,True,True,False,0.6470588235294118,False,wrong_value,False
sroie/test/X51005230616,address,address,qwen27b-detailed-image,"Level 6, Bangunan TH, Damansara Uptown3 No.3, Jalan SS21/39,47400 Petaling Jaya Selangor",level 6 bangunan th damansara uptown3 no 3 jln ss21 39 47400 petaling jaya selangor,False,,"LEVEL 6, BANGUNAN TH, DAMANSARA UPTOWN3 NO.3, JALAN SS21/39,47400 PETALING JAYA SELANGOR",sroie,test,level 6 bangunan th damansara uptown3 no 3 jln ss21 39 47400 petaling jaya selangor,True,True,True,1.0,True,none,True
sroie/test/X51005230616,address,address,qwen4b-detailed-both,"Level 6, Bangunan TH, Damansara Uptown3 No.3, Jalan SS21/39, 47400 Petaling Jaya Selangor",level 6 bangunan th damansara uptown3 no 3 jln ss21 39 47400 petaling jaya selangor,False,,"LEVEL 6, BANGUNAN TH, DAMANSARA UPTOWN3 NO.3, JALAN SS21/39,47400 PETALING JAYA SELANGOR",sroie,test,level 6 bangunan th damansara uptown3 no 3 jln ss21 39 47400 petaling jaya selangor,True,True,True,1.0,True,none,True
sroie/test/X51005230616,address,address,qwen4b-detailed-image,"Level 6, Bangunan TH, Damansara Uptown3 No.3, Jalan SS21/39,47400 Petaling Jaya Selangor",level 6 bangunan th damansara uptown3 no 3 jln ss21 39 47400 petaling jaya selangor,False,,"LEVEL 6, BANGUNAN TH, DAMANSARA UPTOWN3 NO.3, JALAN SS21/39,47400 PETALING JAYA SELANGOR",sroie,test,level 6 bangunan th damansara uptown3 no 3 jln ss21 39 47400 petaling jaya selangor,True,True,True,1.0,True,none,True
sroie/test/X51005230616,company,org,gemma4-e4b-detailed-image,Gerbang Alaf Restaurants Sdn Bhd,gerbang alaf restaurants,False,,GERBANG ALAF RESTAURANTS SDN BHD,sroie,test,gerbang alaf restaurants,True,True,True,1.0,True,none,True
sroie/test/X51005230616,company,org,qwen27b-detailed-image,Gerbang Alaf Restaurants Sdn Bhd,gerbang alaf restaurants,False,,GERBANG ALAF RESTAURANTS SDN BHD,sroie,test,gerbang alaf restaurants,True,True,True,1.0,True,none,True
sroie/test/X51005230616,company,org,qwen4b-detailed-both,Gerbang Alaf Restaurants Sdn Bhd,gerbang alaf restaurants,False,,GERBANG ALAF RESTAURANTS SDN BHD,sroie,test,gerbang alaf restaurants,True,True,True,1.0,True,none,True
sroie/test/X51005230616,company,org,qwen4b-detailed-image,Gerbang Alaf Restaurants Sdn Bhd,gerbang alaf restaurants,False,,GERBANG ALAF RESTAURANTS SDN BHD,sroie,test,gerbang alaf restaurants,True,True,True,1.0,True,none,True
sroie/test/X51005230616,date,date,gemma4-e4b-detailed-image,18/01/2018,2018-01-18,False,,18/01/2018,sroie,test,2018-01-18,True,True,True,1.0,True,none,True
sroie/test/X51005230616,date,date,qwen27b-detailed-image,18/01/2018,2018-01-18,False,,18/01/2018,sroie,test,2018-01-18,True,True,True,1.0,True,none,True
sroie/test/X51005230616,date,date,qwen4b-detailed-both,18/01/2018,2018-01-18,False,,18/01/2018,sroie,test,2018-01-18,True,True,True,1.0,True,none,True
sroie/test/X51005230616,date,date,qwen4b-detailed-image,18/01/2018,2018-01-18,False,,18/01/2018,sroie,test,2018-01-18,True,True,True,1.0,True,none,True
sroie/test/X51005230616,total,money,gemma4-e4b-detailed-image,50.00,50.00,False,,38.90,sroie,test,38.90,True,True,False,0.0,False,wrong_value,False
sroie/test/X51005230616,total,money,qwen27b-detailed-image,38.90,38.90,False,,38.90,sroie,test,38.90,True,True,True,1.0,True,none,True
sroie/test/X51005230616,total,money,qwen4b-detailed-both,38.90,38.90,False,,38.90,sroie,test,38.90,True,True,True,1.0,True,none,True
sroie/test/X51005230616,total,money,qwen4b-detailed-image,38.90,38.90,False,,38.90,sroie,test,38.90,True,True,True,1.0,True,none,True
sroie/test/X51005230621,address,address,gemma4-e4b-detailed-image,"LOT 13, JALAN IPOH, KG BATU, ULU YAM, 44300 KALI, SELANGOR",lot 13 jln ipoh kg batu ulu yam 44300 kali selangor,False,,"LOT 13, JALAN IPOH, KG BATU 30, ULU YAM LAMA 44300 BTG KALI, SELANGOR.",sroie,test,lot 13 jln ipoh kg batu 30 ulu yam lama 44300 btg kali selangor,True,True,False,0.7857142857142857,False,wrong_value,False
sroie/test/X51005230621,address,address,qwen27b-detailed-image,"LOT 13, JALAN IPOH, KG BATU 30 , ULU YAM LAMA 44300 BTG KALI, SELANGOR",lot 13 jln ipoh kg batu 30 ulu yam lama 44300 btg kali selangor,False,,"LOT 13, JALAN IPOH, KG BATU 30, ULU YAM LAMA 44300 BTG KALI, SELANGOR.",sroie,test,lot 13 jln ipoh kg batu 30 ulu yam lama 44300 btg kali selangor,True,True,True,1.0,True,none,True
sroie/test/X51005230621,address,address,qwen4b-detailed-both,"LOT 13, JALAN IPOH, KG BATU 30, ULU YAM LAMA 44300 BTG KALI, SELANGOR.",lot 13 jln ipoh kg batu 30 ulu yam lama 44300 btg kali selangor,False,,"LOT 13, JALAN IPOH, KG BATU 30, ULU YAM LAMA 44300 BTG KALI, SELANGOR.",sroie,test,lot 13 jln ipoh kg batu 30 ulu yam lama 44300 btg kali selangor,True,True,True,1.0,True,none,True
sroie/test/X51005230621,address,address,qwen4b-detailed-image,"LOT 13, JALAN IPOH, KG BATU 30 , ULU YAM LAMA 44300 BTG KALI, SELANGOR.",lot 13 jln ipoh kg batu 30 ulu yam lama 44300 btg kali selangor,False,,"LOT 13, JALAN IPOH, KG BATU 30, ULU YAM LAMA 44300 BTG KALI, SELANGOR.",sroie,test,lot 13 jln ipoh kg batu 30 ulu yam lama 44300 btg kali selangor,True,True,True,1.0,True,none,True
sroie/test/X51005230621,company,org,gemma4-e4b-detailed-image,SIN LIANH SDN BHD,sin lianh,False,,SIN LIANHAP SDN BHD,sroie,test,sin lianhap,True,True,False,0.3333333333333333,False,wrong_value,False
sroie/test/X51005230621,company,org,qwen27b-detailed-image,SIN LIANHAP SDN BHD,sin lianhap,False,,SIN LIANHAP SDN BHD,sroie,test,sin lianhap,True,True,True,1.0,True,none,True
sroie/test/X51005230621,company,org,qwen4b-detailed-both,SIN LIANHAP SDN BHD,sin lianhap,False,,SIN LIANHAP SDN BHD,sroie,test,sin lianhap,True,True,True,1.0,True,none,True
sroie/test/X51005230621,company,org,qwen4b-detailed-image,SIN LIANHAP SDN BHD,sin lianhap,False,,SIN LIANHAP SDN BHD,sroie,test,sin lianhap,True,True,True,1.0,True,none,True
sroie/test/X51005230621,date,date,gemma4-e4b-detailed-image,05/02/2018,2018-02-05,False,,05/02/2018,sroie,test,2018-02-05,True,True,True,1.0,True,none,True
sroie/test/X51005230621,date,date,qwen27b-detailed-image,05/02/2018,2018-02-05,False,,05/02/2018,sroie,test,2018-02-05,True,True,True,1.0,True,none,True
sroie/test/X51005230621,date,date,qwen4b-detailed-both,05/02/2018,2018-02-05,False,,05/02/2018,sroie,test,2018-02-05,True,True,True,1.0,True,none,True
sroie/test/X51005230621,date,date,qwen4b-detailed-image,05/02/2018,2018-02-05,False,,05/02/2018,sroie,test,2018-02-05,True,True,True,1.0,True,none,True
sroie/test/X51005230621,total,money,gemma4-e4b-detailed-image,7.30,7.30,False,,7.30,sroie,test,7.30,True,True,True,1.0,True,none,True
sroie/test/X51005230621,total,money,qwen27b-detailed-image,7.30,7.30,False,,7.30,sroie,test,7.30,True,True,True,1.0,True,none,True
sroie/test/X51005230621,total,money,qwen4b-detailed-both,7.30,7.30,False,,7.30,sroie,test,7.30,True,True,True,1.0,True,none,True
sroie/test/X51005230621,total,money,qwen4b-detailed-image,7.30,7.30,False,,7.30,sroie,test,7.30,True,True,True,1.0,True,none,True
sroie/test/X51005230648,address,address,gemma4-e4b-detailed-image,"47, JALAN MERANTI 1, SEK. 3, BANDAR UTAMA BATANG KALI, 44300 BATANG KALI",47 jln meranti 1 sek 3 bdr utama batang kali 44300 batang kali,False,,"47, JALAN MERANTI 1, SEK. 3, BANDAR UTAMA BATANG KALI, 44300 BATANG KALI, SELANGOR.",sroie,test,47 jln meranti 1 sek 3 bdr utama batang kali 44300 batang kali selangor,True,True,False,0.9166666666666666,True,wrong_value,False
sroie/test/X51005230648,address,address,qwen27b-detailed-image,"47, JALAN MERANTI 1, SEK. 3, BANDAR UTAMA BATANG KALI, 44300 BATANG KALI, SELANGOR.",47 jln meranti 1 sek 3 bdr utama batang kali 44300 batang kali selangor,False,,"47, JALAN MERANTI 1, SEK. 3, BANDAR UTAMA BATANG KALI, 44300 BATANG KALI, SELANGOR.",sroie,test,47 jln meranti 1 sek 3 bdr utama batang kali 44300 batang kali selangor,True,True,True,1.0,True,none,True
sroie/test/X51005230648,address,address,qwen4b-detailed-both,"47, JALAN MERANTI 1, SEK. 3, BANDAR UTAMA BATANG KALI, 44300 BATANG KALI, SELANGOR.",47 jln meranti 1 sek 3 bdr utama batang kali 44300 batang kali selangor,False,,"47, JALAN MERANTI 1, SEK. 3, BANDAR UTAMA BATANG KALI, 44300 BATANG KALI, SELANGOR.",sroie,test,47 jln meranti 1 sek 3 bdr utama batang kali 44300 batang kali selangor,True,True,True,1.0,True,none,True
sroie/test/X51005230648,address,address,qwen4b-detailed-image,"47, JALAN MERANTI 1, SEK. 3, BANDAR UTAMA BATANG KALI, 44300 BATANG KALI, SELANGOR.",47 jln meranti 1 sek 3 bdr utama batang kali 44300 batang kali selangor,False,,"47, JALAN MERANTI 1, SEK. 3, BANDAR UTAMA BATANG KALI, 44300 BATANG KALI, SELANGOR.",sroie,test,47 jln meranti 1 sek 3 bdr utama batang kali 44300 batang kali selangor,True,True,True,1.0,True,none,True
sroie/test/X51005230648,company,org,gemma4-e4b-detailed-image,CROSS CHANNEL NETWORK SDN. BHD.,cross channel network,False,,CROSS CHANNEL NETWORK SDN. BHD.,sroie,test,cross channel network,True,True,True,1.0,True,none,True
sroie/test/X51005230648,company,org,qwen27b-detailed-image,CROSS CHANNEL NETWORK SDN. BHD.,cross channel network,False,,CROSS CHANNEL NETWORK SDN. BHD.,sroie,test,cross channel network,True,True,True,1.0,True,none,True
sroie/test/X51005230648,company,org,qwen4b-detailed-both,CROSS CHANNEL NETWORK SDN. BHD.,cross channel network,False,,CROSS CHANNEL NETWORK SDN. BHD.,sroie,test,cross channel network,True,True,True,1.0,True,none,True
sroie/test/X51005230648,company,org,qwen4b-detailed-image,CROSS CHANNEL NETWORK SDN. BHD.,cross channel network,False,,CROSS CHANNEL NETWORK SDN. BHD.,sroie,test,cross channel network,True,True,True,1.0,True,none,True
sroie/test/X51005230648,date,date,gemma4-e4b-detailed-image,29/01/2018,2018-01-29,False,,29/01/2018,sroie,test,2018-01-29,True,True,True,1.0,True,none,True
sroie/test/X51005230648,date,date,qwen27b-detailed-image,29/01/2018,2018-01-29,False,,29/01/2018,sroie,test,2018-01-29,True,True,True,1.0,True,none,True
sroie/test/X51005230648,date,date,qwen4b-detailed-both,29/01/2018,2018-01-29,False,,29/01/2018,sroie,test,2018-01-29,True,True,True,1.0,True,none,True
sroie/test/X51005230648,date,date,qwen4b-detailed-image,29/01/2018,2018-01-29,False,,29/01/2018,sroie,test,2018-01-29,True,True,True,1.0,True,none,True
sroie/test/X51005230648,total,money,gemma4-e4b-detailed-image,0.36,0.36,False,,6.35,sroie,test,6.35,True,True,False,0.0,False,wrong_value,False
sroie/test/X51005230648,total,money,qwen27b-detailed-image,6.35,6.35,False,,6.35,sroie,test,6.35,True,True,True,1.0,True,none,True
sroie/test/X51005230648,total,money,qwen4b-detailed-both,6.35,6.35,False,,6.35,sroie,test,6.35,True,True,True,1.0,True,none,True
sroie/test/X51005230648,total,money,qwen4b-detailed-image,6.35,6.35,False,,6.35,sroie,test,6.35,True,True,True,1.0,True,none,True
sroie/test/X51005230657,address,address,gemma4-e4b-detailed-image,"47, JALAN MERANTI, 1, SEK, BANDAR UTAMA BATANG KALI, 44300 BATANG KALI.",47 jln meranti 1 sek bdr utama batang kali 44300 batang kali,False,,"47, JALAN MERANTI 1, SEK. 3, BANDAR UTAMA BATANG KALI, 44300 BATANG KALI, SELANGOR.",sroie,test,47 jln meranti 1 sek 3 bdr utama batang kali 44300 batang kali selangor,True,True,False,0.8333333333333334,True,wrong_value,False
sroie/test/X51005230657,address,address,qwen27b-detailed-image,"47, JALAN MERANTI 1, SEK. 3, BANDAR UTAMA BATANG KALI, 44300 BATANG KALI, SELANGOR.",47 jln meranti 1 sek 3 bdr utama batang kali 44300 batang kali selangor,False,,"47, JALAN MERANTI 1, SEK. 3, BANDAR UTAMA BATANG KALI, 44300 BATANG KALI, SELANGOR.",sroie,test,47 jln meranti 1 sek 3 bdr utama batang kali 44300 batang kali selangor,True,True,True,1.0,True,none,True
sroie/test/X51005230657,address,address,qwen4b-detailed-both,"47, JALAN MERANTI 1, SEK. 3, BANDAR UTAMA BATANG KALI, 44300 BATANG KALI, SELANGOR.",47 jln meranti 1 sek 3 bdr utama batang kali 44300 batang kali selangor,False,,"47, JALAN MERANTI 1, SEK. 3, BANDAR UTAMA BATANG KALI, 44300 BATANG KALI, SELANGOR.",sroie,test,47 jln meranti 1 sek 3 bdr utama batang kali 44300 batang kali selangor,True,True,True,1.0,True,none,True
sroie/test/X51005230657,address,address,qwen4b-detailed-image,"47, JALAN MERANTI 1, SEK. 3, BANDAR UTAMA BATANG KALI, 44300 BATANG KALI, SELANGOR.",47 jln meranti 1 sek 3 bdr utama batang kali 44300 batang kali selangor,False,,"47, JALAN MERANTI 1, SEK. 3, BANDAR UTAMA BATANG KALI, 44300 BATANG KALI, SELANGOR.",sroie,test,47 jln meranti 1 sek 3 bdr utama batang kali 44300 batang kali selangor,True,True,True,1.0,True,none,True
sroie/test/X51005230657,company,org,gemma4-e4b-detailed-image,CROSS CHANNEL NETWORK SDN. BHD.,cross channel network,False,,CROSS CHANNEL NETWORK SDN. BHD.,sroie,test,cross channel network,True,True,True,1.0,True,none,True
sroie/test/X51005230657,company,org,qwen27b-detailed-image,CROSS CHANNEL NETWORK SDN. BHD.,cross channel network,False,,CROSS CHANNEL NETWORK SDN. BHD.,sroie,test,cross channel network,True,True,True,1.0,True,none,True
sroie/test/X51005230657,company,org,qwen4b-detailed-both,CROSS CHANNEL NETWORK SDN. BHD.,cross channel network,False,,CROSS CHANNEL NETWORK SDN. BHD.,sroie,test,cross channel network,True,True,True,1.0,True,none,True
sroie/test/X51005230657,company,org,qwen4b-detailed-image,CROSS CHANNEL NETWORK SDN. BHD.,cross channel network,False,,CROSS CHANNEL NETWORK SDN. BHD.,sroie,test,cross channel network,True,True,True,1.0,True,none,True
sroie/test/X51005230657,date,date,gemma4-e4b-detailed-image,31/12/2017,2017-12-31,False,,31/12/2017,sroie,test,2017-12-31,True,True,True,1.0,True,none,True
sroie/test/X51005230657,date,date,qwen27b-detailed-image,31/12/2017,2017-12-31,False,,31/12/2017,sroie,test,2017-12-31,True,True,True,1.0,True,none,True
sroie/test/X51005230657,date,date,qwen4b-detailed-both,31/12/2017,2017-12-31,False,,31/12/2017,sroie,test,2017-12-31,True,True,True,1.0,True,none,True
sroie/test/X51005230657,date,date,qwen4b-detailed-image,31/12/2017,2017-12-31,False,,31/12/2017,sroie,test,2017-12-31,True,True,True,1.0,True,none,True
sroie/test/X51005230657,total,money,gemma4-e4b-detailed-image,7.50,7.50,False,,7.95,sroie,test,7.95,True,True,False,0.0,False,wrong_value,False
sroie/test/X51005230657,total,money,qwen27b-detailed-image,7.95,7.95,False,,7.95,sroie,test,7.95,True,True,True,1.0,True,none,True
sroie/test/X51005230657,total,money,qwen4b-detailed-both,7.95,7.95,False,,7.95,sroie,test,7.95,True,True,True,1.0,True,none,True
sroie/test/X51005230657,total,money,qwen4b-detailed-image,10.00,10.00,False,,7.95,sroie,test,7.95,True,True,False,0.0,False,wrong_value,False
sroie/test/X51005230659,address,address,gemma4-e4b-detailed-image,"No 5-7, Jalan Mahagoni 7/1, Seksyen 4, Bandar Utama, 44300 Batang Kali, Selangor",no 5 7 jln mahagoni 7 1 seksyen 4 bdr utama 44300 batang kali selangor,False,,"NO. 5-7, JALAN MAHAGONI 7/1, SEKYSEN 4, BANDAR UTAMA, 44300 BATANG KALI, SELANGOR.",sroie,test,no 5 7 jln mahagoni 7 1 sekysen 4 bdr utama 44300 batang kali selangor,True,True,False,0.8666666666666667,True,wrong_value,False
sroie/test/X51005230659,address,address,qwen27b-detailed-image,"NO. 5-7, Jalan Mahagoni 7/1, Seksyen 4, Bandar Utama, 44300 Batang Kali, Selangor.",no 5 7 jln mahagoni 7 1 seksyen 4 bdr utama 44300 batang kali selangor,False,,"NO. 5-7, JALAN MAHAGONI 7/1, SEKYSEN 4, BANDAR UTAMA, 44300 BATANG KALI, SELANGOR.",sroie,test,no 5 7 jln mahagoni 7 1 sekysen 4 bdr utama 44300 batang kali selangor,True,True,False,0.8666666666666667,True,wrong_value,False
sroie/test/X51005230659,address,address,qwen4b-detailed-both,NO. 5-7 SEKYSEN 4 BATANG KALI,no 5 7 sekysen 4 batang kali,False,,"NO. 5-7, JALAN MAHAGONI 7/1, SEKYSEN 4, BANDAR UTAMA, 44300 BATANG KALI, SELANGOR.",sroie,test,no 5 7 jln mahagoni 7 1 sekysen 4 bdr utama 44300 batang kali selangor,True,True,False,0.5,False,wrong_value,False
sroie/test/X51005230659,address,address,qwen4b-detailed-image,"No. 5-7, Jalan Mahagoni 7/1, Sekyen 4, Bandar Utama, 44300 Batang Kali, Selangor.",no 5 7 jln mahagoni 7 1 sekyen 4 bdr utama 44300 batang kali selangor,False,,"NO. 5-7, JALAN MAHAGONI 7/1, SEKYSEN 4, BANDAR UTAMA, 44300 BATANG KALI, SELANGOR.",sroie,test,no 5 7 jln mahagoni 7 1 sekysen 4 bdr utama 44300 batang kali selangor,True,True,False,0.8666666666666667,True,wrong_value,False
sroie/test/X51005230659,company,org,gemma4-e4b-detailed-image,SWC ENTERPRISE SDN BHD,swc enterprise,False,,SWC ENTERPRISE SDN BHD,sroie,test,swc enterprise,True,True,True,1.0,True,none,True
sroie/test/X51005230659,company,org,qwen27b-detailed-image,SWC ENTERPRISE SDN BHD,swc enterprise,False,,SWC ENTERPRISE SDN BHD,sroie,test,swc enterprise,True,True,True,1.0,True,none,True
sroie/test/X51005230659,company,org,qwen4b-detailed-both,SWC ENTERPRISE SDN BHD,swc enterprise,False,,SWC ENTERPRISE SDN BHD,sroie,test,swc enterprise,True,True,True,1.0,True,none,True
sroie/test/X51005230659,company,org,qwen4b-detailed-image,SWC ENTERPRISE SDN BHD,swc enterprise,False,,SWC ENTERPRISE SDN BHD,sroie,test,swc enterprise,True,True,True,1.0,True,none,True
sroie/test/X51005230659,date,date,gemma4-e4b-detailed-image,08/01/2018,2018-01-08,False,,08/01/2018,sroie,test,2018-01-08,True,True,True,1.0,True,none,True
sroie/test/X51005230659,date,date,qwen27b-detailed-image,08/01/2018,2018-01-08,False,,08/01/2018,sroie,test,2018-01-08,True,True,True,1.0,True,none,True
sroie/test/X51005230659,date,date,qwen4b-detailed-both,08/01/2018,2018-01-08,False,,08/01/2018,sroie,test,2018-01-08,True,True,True,1.0,True,none,True
sroie/test/X51005230659,date,date,qwen4b-detailed-image,08/01/2018,2018-01-08,False,,08/01/2018,sroie,test,2018-01-08,True,True,True,1.0,True,none,True
sroie/test/X51005230659,total,money,gemma4-e4b-detailed-image,10.00,10.00,False,,8.00,sroie,test,8.00,True,True,False,0.0,False,wrong_value,False
sroie/test/X51005230659,total,money,qwen27b-detailed-image,8.00,8.00,False,,8.00,sroie,test,8.00,True,True,True,1.0,True,none,True
sroie/test/X51005230659,total,money,qwen4b-detailed-both,8.00,8.00,False,,8.00,sroie,test,8.00,True,True,True,1.0,True,none,True
sroie/test/X51005230659,total,money,qwen4b-detailed-image,8.00,8.00,False,,8.00,sroie,test,8.00,True,True,True,1.0,True,none,True
sroie/test/X51005268275,address,address,gemma4-e4b-detailed-image,"No. 28, JALAN ASTANA 1C, BANDAR BUKIT RAJA, 41000 KELANG, MALAYSIA",no 28 jln astana 1c bdr bukit raja 41000 kelang malaysia,False,,"NO: 28, JALAN ASTANA 1C, BANDAR BUKIT RAJA, 41050 KLANG SELANGOR D.E, MALAYSIA",sroie,test,no 28 jln astana 1c bdr bukit raja 41050 klang selangor d e malaysia,True,True,False,0.5625,False,wrong_value,False
sroie/test/X51005268275,address,address,qwen27b-detailed-image,"No: 28, JALAN ASTANA 1C, BANDAR BUKIT RAJA, 41050 KLANG SELANGOR D.E, MALAYSIA",no 28 jln astana 1c bdr bukit raja 41050 klang selangor d e malaysia,False,,"NO: 28, JALAN ASTANA 1C, BANDAR BUKIT RAJA, 41050 KLANG SELANGOR D.E, MALAYSIA",sroie,test,no 28 jln astana 1c bdr bukit raja 41050 klang selangor d e malaysia,True,True,True,1.0,True,none,True
sroie/test/X51005268275,address,address,qwen4b-detailed-both,"NO: 28, JALAN ASTANA 1C, BANDAR BUKIT RAJA, 41050 KLANG SELANGOR D. E, MALAYSIA",no 28 jln astana 1c bdr bukit raja 41050 klang selangor d e malaysia,False,,"NO: 28, JALAN ASTANA 1C, BANDAR BUKIT RAJA, 41050 KLANG SELANGOR D.E, MALAYSIA",sroie,test,no 28 jln astana 1c bdr bukit raja 41050 klang selangor d e malaysia,True,True,True,1.0,True,none,True
sroie/test/X51005268275,address,address,qwen4b-detailed-image,"No: 28, JALAN ASTANA 1C, BANDAR BUKIT RAJA, 41050 KLANG SELANGOR D.E, MALAYSIA",no 28 jln astana 1c bdr bukit raja 41050 klang selangor d e malaysia,False,,"NO: 28, JALAN ASTANA 1C, BANDAR BUKIT RAJA, 41050 KLANG SELANGOR D.E, MALAYSIA",sroie,test,no 28 jln astana 1c bdr bukit raja 41050 klang selangor d e malaysia,True,True,True,1.0,True,none,True
sroie/test/X51005268275,company,org,gemma4-e4b-detailed-image,LIGHTROOM GALLERY SDN BHD,lightroom gallery,False,,LIGHTROOM GALLERY SDN BHD,sroie,test,lightroom gallery,True,True,True,1.0,True,none,True
sroie/test/X51005268275,company,org,qwen27b-detailed-image,LIGHTROOM GALLERY SDN BHD,lightroom gallery,False,,LIGHTROOM GALLERY SDN BHD,sroie,test,lightroom gallery,True,True,True,1.0,True,none,True
sroie/test/X51005268275,company,org,qwen4b-detailed-both,LIGHTROOM GALLERY SDN BHD,lightroom gallery,False,,LIGHTROOM GALLERY SDN BHD,sroie,test,lightroom gallery,True,True,True,1.0,True,none,True
sroie/test/X51005268275,company,org,qwen4b-detailed-image,LIGHTROOM GALLERY SDN BHD,lightroom gallery,False,,LIGHTROOM GALLERY SDN BHD,sroie,test,lightroom gallery,True,True,True,1.0,True,none,True
sroie/test/X51005268275,date,date,gemma4-e4b-detailed-image,20/11/2017,2017-11-20,False,,20/11/2017,sroie,test,2017-11-20,True,True,True,1.0,True,none,True
sroie/test/X51005268275,date,date,qwen27b-detailed-image,20/11/2017,2017-11-20,False,,20/11/2017,sroie,test,2017-11-20,True,True,True,1.0,True,none,True
sroie/test/X51005268275,date,date,qwen4b-detailed-both,20/11/2017,2017-11-20,False,,20/11/2017,sroie,test,2017-11-20,True,True,True,1.0,True,none,True
sroie/test/X51005268275,date,date,qwen4b-detailed-image,20/11/2017,2017-11-20,False,,20/11/2017,sroie,test,2017-11-20,True,True,True,1.0,True,none,True
sroie/test/X51005268275,total,money,gemma4-e4b-detailed-image,278.80,278.80,False,,278.80,sroie,test,278.80,True,True,True,1.0,True,none,True
sroie/test/X51005268275,total,money,qwen27b-detailed-image,278.80,278.80,False,,278.80,sroie,test,278.80,True,True,True,1.0,True,none,True
sroie/test/X51005268275,total,money,qwen4b-detailed-both,278.80,278.80,False,,278.80,sroie,test,278.80,True,True,True,1.0,True,none,True
sroie/test/X51005268275,total,money,qwen4b-detailed-image,278.80,278.80,False,,278.80,sroie,test,278.80,True,True,True,1.0,True,none,True
sroie/test/X51005268408,address,address,gemma4-e4b-detailed-image,"LOT P.T. 2811, JALAN ANGSA, TAMAN BERKELEY, 4110 KELANG, SELANGOR",lot p t 2811 jln angsa tmn berkeley 4110 kelang selangor,False,,"LOT P.T. 2811, JALAN ANGSA, TAMAN BERKELEY 41150 KLANG, SELANGOR 1413-SETIA ALAM 2",sroie,test,lot p t 2811 jln angsa tmn berkeley 41150 klang selangor 1413 setia alam 2,True,True,False,0.5294117647058824,False,wrong_value,False
sroie/test/X51005268408,address,address,qwen27b-detailed-image,"LOT P.T. 2811, JALAN ANGSA, TAMAN BERKELEY 41150 KLANG, SELANGOR 1413-SETIA ALAM 2",lot p t 2811 jln angsa tmn berkeley 41150 klang selangor 1413 setia alam 2,False,,"LOT P.T. 2811, JALAN ANGSA, TAMAN BERKELEY 41150 KLANG, SELANGOR 1413-SETIA ALAM 2",sroie,test,lot p t 2811 jln angsa tmn berkeley 41150 klang selangor 1413 setia alam 2,True,True,True,1.0,True,none,True
sroie/test/X51005268408,address,address,qwen4b-detailed-both,"LOT P.T. 2811, TAMAN BERKELEY 41150 KLANG, SELANGOR 1413-SETIA ALAM 2",lot p t 2811 tmn berkeley 41150 klang selangor 1413 setia alam 2,False,,"LOT P.T. 2811, JALAN ANGSA, TAMAN BERKELEY 41150 KLANG, SELANGOR 1413-SETIA ALAM 2",sroie,test,lot p t 2811 jln angsa tmn berkeley 41150 klang selangor 1413 setia alam 2,True,True,False,0.8666666666666667,True,wrong_value,False
sroie/test/X51005268408,address,address,qwen4b-detailed-image,"LOT P.T. 2811, JALAN ANGSA, TAMAN BERKELEY 41150 KLANG, SELANGOR 1413-SETIA ALAM 2",lot p t 2811 jln angsa tmn berkeley 41150 klang selangor 1413 setia alam 2,False,,"LOT P.T. 2811, JALAN ANGSA, TAMAN BERKELEY 41150 KLANG, SELANGOR 1413-SETIA ALAM 2",sroie,test,lot p t 2811 jln angsa tmn berkeley 41150 klang selangor 1413 setia alam 2,True,True,True,1.0,True,none,True
sroie/test/X51005268408,company,org,gemma4-e4b-detailed-image,99 SPEED MART S/B (S19537-X),99 speed mart s b s19537 x,False,,99 SPEED MART S/B,sroie,test,99 speed mart s b,True,True,False,0.7142857142857143,False,wrong_value,False
sroie/test/X51005268408,company,org,qwen27b-detailed-image,99 SPEED MART S/B (519537-X),99 speed mart s b 519537 x,False,,99 SPEED MART S/B,sroie,test,99 speed mart s b,True,True,False,0.7142857142857143,False,wrong_value,False
sroie/test/X51005268408,company,org,qwen4b-detailed-both,99 SPEED MART S/B (S19537-X),99 speed mart s b s19537 x,False,,99 SPEED MART S/B,sroie,test,99 speed mart s b,True,True,False,0.7142857142857143,False,wrong_value,False
sroie/test/X51005268408,company,org,qwen4b-detailed-image,99 SPEED MART S/B (519537-X),99 speed mart s b 519537 x,False,,99 SPEED MART S/B,sroie,test,99 speed mart s b,True,True,False,0.7142857142857143,False,wrong_value,False
sroie/test/X51005268408,date,date,gemma4-e4b-detailed-image,20-11-17,2017-11-20,False,,20-11-17,sroie,test,2017-11-20,True,True,True,1.0,True,none,True
sroie/test/X51005268408,date,date,qwen27b-detailed-image,20-11-17,2017-11-20,False,,20-11-17,sroie,test,2017-11-20,True,True,True,1.0,True,none,True
sroie/test/X51005268408,date,date,qwen4b-detailed-both,20-11-17,2017-11-20,False,,20-11-17,sroie,test,2017-11-20,True,True,True,1.0,True,none,True
sroie/test/X51005268408,date,date,qwen4b-detailed-image,20-11-17,2017-11-20,False,,20-11-17,sroie,test,2017-11-20,True,True,True,1.0,True,none,True
sroie/test/X51005268408,total,money,gemma4-e4b-detailed-image,160.17,160.17,False,,169.80,sroie,test,169.80,True,True,False,0.0,False,wrong_value,False
sroie/test/X51005268408,total,money,qwen27b-detailed-image,169.80,169.80,False,,169.80,sroie,test,169.80,True,True,True,1.0,True,none,True
sroie/test/X51005268408,total,money,qwen4b-detailed-both,169.80,169.80,False,,169.80,sroie,test,169.80,True,True,True,1.0,True,none,True
sroie/test/X51005268408,total,money,qwen4b-detailed-image,169.80,169.80,False,,169.80,sroie,test,169.80,True,True,True,1.0,True,none,True
sroie/test/X51005288570,address,address,gemma4-e4b-detailed-image,"Riverwalk Village Batu, Jalan Ipoh 51200 KL",riverwalk village batu jln ipoh 51200 kl,False,,"RIVERWALK VILLAGE BATU 3, JALAN IPOH 51200 KL.",sroie,test,riverwalk village batu 3 jln ipoh 51200 kl,True,True,False,0.875,True,wrong_value,False
sroie/test/X51005288570,address,address,qwen27b-detailed-image,"Riverwalk Village Batu 3, Jalan Ipoh 51200 KL.",riverwalk village batu 3 jln ipoh 51200 kl,False,,"RIVERWALK VILLAGE BATU 3, JALAN IPOH 51200 KL.",sroie,test,riverwalk village batu 3 jln ipoh 51200 kl,True,True,True,1.0,True,none,True
sroie/test/X51005288570,address,address,qwen4b-detailed-both,"Riverwalk Village Batu 3, Jalan Ipoh 51200 KL.",riverwalk village batu 3 jln ipoh 51200 kl,False,,"RIVERWALK VILLAGE BATU 3, JALAN IPOH 51200 KL.",sroie,test,riverwalk village batu 3 jln ipoh 51200 kl,True,True,True,1.0,True,none,True
sroie/test/X51005288570,address,address,qwen4b-detailed-image,"Riverwalk Village Batu 3, Jalan Ipoh 51200 KL.",riverwalk village batu 3 jln ipoh 51200 kl,False,,"RIVERWALK VILLAGE BATU 3, JALAN IPOH 51200 KL.",sroie,test,riverwalk village batu 3 jln ipoh 51200 kl,True,True,True,1.0,True,none,True
sroie/test/X51005288570,company,org,gemma4-e4b-detailed-image,SECURE PARKING CORPORATION S/B,secure parking corporation s b,False,,SECURE PARKING CORPORATION S/B,sroie,test,secure parking corporation s b,True,True,True,1.0,True,none,True
sroie/test/X51005288570,company,org,qwen27b-detailed-image,SECURE PARKING CORPORATION S/B,secure parking corporation s b,False,,SECURE PARKING CORPORATION S/B,sroie,test,secure parking corporation s b,True,True,True,1.0,True,none,True
sroie/test/X51005288570,company,org,qwen4b-detailed-both,SECURE PARKING CORPORATION S/B,secure parking corporation s b,False,,SECURE PARKING CORPORATION S/B,sroie,test,secure parking corporation s b,True,True,True,1.0,True,none,True
sroie/test/X51005288570,company,org,qwen4b-detailed-image,SECURE PARKING CORPORATION S/B,secure parking corporation s b,False,,SECURE PARKING CORPORATION S/B,sroie,test,secure parking corporation s b,True,True,True,1.0,True,none,True
sroie/test/X51005288570,date,date,gemma4-e4b-detailed-image,23.03.18,2018-03-23,False,,23.03.18,sroie,test,2018-03-23,True,True,True,1.0,True,none,True
sroie/test/X51005288570,date,date,qwen27b-detailed-image,23.03.18,2018-03-23,False,,23.03.18,sroie,test,2018-03-23,True,True,True,1.0,True,none,True
sroie/test/X51005288570,date,date,qwen4b-detailed-both,23.03.18,2018-03-23,False,,23.03.18,sroie,test,2018-03-23,True,True,True,1.0,True,none,True
sroie/test/X51005288570,date,date,qwen4b-detailed-image,23.03.18,2018-03-23,False,,23.03.18,sroie,test,2018-03-23,True,True,True,1.0,True,none,True
sroie/test/X51005288570,total,money,gemma4-e4b-detailed-image,1.00,1.00,False,,1.00,sroie,test,1.00,True,True,True,1.0,True,none,True
sroie/test/X51005288570,total,money,qwen27b-detailed-image,1.00,1.00,False,,1.00,sroie,test,1.00,True,True,True,1.0,True,none,True
sroie/test/X51005288570,total,money,qwen4b-detailed-both,1.00,1.00,False,,1.00,sroie,test,1.00,True,True,True,1.0,True,none,True
sroie/test/X51005288570,total,money,qwen4b-detailed-image,1.00,1.00,False,,1.00,sroie,test,1.00,True,True,True,1.0,True,none,True
