config_id,field,n,accuracy,n_gold_populated,n_pred_populated,hallucination_rate,miss_rate,wrong_value_rate,acc_populated,acc_null
mock-a,address,200,0.785,200,189,0.0,0.055,0.16,0.785,
mock-b,address,200,0.725,200,184,0.0,0.08,0.195,0.725,
mock-c,address,200,0.85,200,192,0.0,0.04,0.11,0.85,
mock-d,address,200,0.82,200,184,0.0,0.08,0.1,0.82,
mock-a,company,200,0.775,200,189,0.0,0.055,0.17,0.775,
mock-b,company,200,0.755,200,189,0.0,0.055,0.19,0.755,
mock-c,company,200,0.805,200,194,0.0,0.03,0.165,0.805,
mock-d,company,200,0.825,200,182,0.0,0.09,0.085,0.825,
mock-a,date,200,0.885,200,186,0.0,0.07,0.045,0.885,
mock-b,date,200,0.845,200,186,0.0,0.07,0.085,0.845,
mock-c,date,200,0.905,200,195,0.0,0.025,0.07,0.905,
mock-d,date,200,0.865,200,184,0.0,0.08,0.055,0.865,
mock-a,phone,200,0.87,126,131,0.05,0.025,0.055,0.873015873015873,0.8648648648648649
mock-b,phone,200,0.775,126,126,0.065,0.065,0.095,0.746031746031746,0.8243243243243243
mock-c,phone,200,0.885,126,129,0.03,0.015,0.07,0.8650793650793651,0.918918918918919
mock-d,phone,200,0.835,126,122,0.035,0.055,0.075,0.7936507936507936,0.9054054054054054
mock-a,tax,200,0.815,107,110,0.05,0.035,0.1,0.7476635514018691,0.8924731182795699
mock-b,tax,200,0.815,107,112,0.055,0.03,0.1,0.7570093457943925,0.8817204301075269
mock-c,tax,200,0.87,107,113,0.035,0.005,0.09,0.822429906542056,0.9247311827956989
mock-d,tax,200,0.835,107,100,0.03,0.065,0.07,0.7476635514018691,0.9354838709677419
mock-a,total,200,0.82,200,192,0.0,0.04,0.14,0.82,
mock-b,total,200,0.695,200,176,0.0,0.12,0.185,0.695,
mock-c,total,200,0.825,200,192,0.0,0.04,0.135,0.825,
mock-d,total,200,0.815,200,186,0.0,0.07,0.115,0.815,
