method,n,accuracy,acc_populated,acc_null
dawid_skene_binary (null/populated only),1200,0.9908333333333333,1.0,0.9341317365269461
majority_vote (null/populated only),1200,0.985,0.9932236205227493,0.9341317365269461
oracle: any config correct,1200,0.9691666666666666,0.9709583736689255,0.9580838323353293
dawid_skene_one_coin,1200,0.9391666666666667,0.9370764762826719,0.9520958083832335
majority_vote,1200,0.9283333333333333,0.9273959341723137,0.9341317365269461
single:mock-c,1200,0.8566666666666667,0.846079380445305,0.9221556886227545
single:mock-d,1200,0.8325,0.8180058083252663,0.9221556886227545
single:mock-a,1200,0.825,0.8160696999031946,0.8802395209580839
single:mock-b,1200,0.7683333333333333,0.7541142303969022,0.8562874251497006
