score,split,agreement_bucket,n,n_correct,p_correct,ci_low,ci_high
pairwise_agreement,all,0%,3,0,0.0,0.0,0.5615060804490177
pairwise_agreement,all,17%,82,69,0.8414634146341463,0.7474193597033629,0.9049449951082902
pairwise_agreement,all,33%,56,27,0.48214285714285715,0.35668005624426746,0.609898377487451
pairwise_agreement,all,50%,407,403,0.9901719901719902,0.9750055228957121,0.9961716899279164
pairwise_agreement,all,100%,652,615,0.9432515337423313,0.9227587473581327,0.9585516178276072
pairwise_agreement,gold_populated=True,0%,3,0,0.0,0.0,0.5615060804490177
pairwise_agreement,gold_populated=True,17%,82,69,0.8414634146341463,0.7474193597033629,0.9049449951082902
pairwise_agreement,gold_populated=True,33%,53,27,0.5094339622641509,0.3788330425329779,0.6387597064396054
pairwise_agreement,gold_populated=True,50%,373,370,0.9919571045576407,0.9766229429972538,0.997261044333232
pairwise_agreement,gold_populated=True,100%,522,492,0.9425287356321839,0.9191417508313501,0.9594498250348423
pairwise_agreement,gold_populated=False,0%,0,0,,,
pairwise_agreement,gold_populated=False,17%,0,0,,,
pairwise_agreement,gold_populated=False,33%,3,0,0.0,0.0,0.5615060804490177
pairwise_agreement,gold_populated=False,50%,34,33,0.9705882352941176,0.8508409778365519,0.9947892280744034
pairwise_agreement,gold_populated=False,100%,130,123,0.9461538461538461,0.8930207780247349,0.973675376235226
