score,split,n,base_rate,auc
pairwise_agreement,all,1200,0.9283333333333333,0.6464500438395057
pairwise_agreement,gold_populated=True,1033,0.9273959341723137,0.6548851774530271
pairwise_agreement,gold_populated=False,167,0.9341317365269461,0.6048951048951049
consensus_frac,all,1200,0.9283333333333333,0.6550613753079203
consensus_frac,gold_populated=True,1033,0.9273959341723137,0.6649269311064718
consensus_frac,gold_populated=False,167,0.9341317365269461,0.6048951048951049
entropy (inverted),all,1200,0.9283333333333333,0.6632499686860673
entropy (inverted),gold_populated=True,1033,0.9273959341723137,0.6744050104384134
entropy (inverted),gold_populated=False,167,0.9341317365269461,0.6048951048951049
